<environmentvariabledefinition schemaname="tkd_ApplicationAppGUID">
  <description default="モデル駆動型の申請アプリのURL（例：https://&lt;org組織&gt;.crm7.dynamics.com/main.aspx?appid=&lt;アプリGUID&gt;）">
    <label description="モデル駆動型の申請アプリのURL（例：https://&lt;org組織&gt;.crm7.dynamics.com/main.aspx?appid=&lt;アプリGUID&gt;）" languagecode="1041" />
  </description>
  <displayname default="申請アプリGUID">
    <label description="申請アプリGUID" languagecode="1041" />
  </displayname>
  <introducedversion>1.0.0.0</introducedversion>
  <iscustomizable>1</iscustomizable>
  <isrequired>0</isrequired>
  <secretstore>0</secretstore>
  <type>100000000</type>
</environmentvariabledefinition>