<ImportExportXml xmlns:xsi="http://www.w3.org/2001/XMLSchema-instance" OrganizationVersion="9.2.25031.202" OrganizationSchemaType="Standard" CRMServerServiceabilityVersion="9.2.25031.00202">
  <Entities>
    <Entity>
      <Name LocalizedName="申請" OriginalName="申請">tkd_Application</Name>
      <EntityInfo>
        <entity Name="tkd_Application" unmodified="1">
          <attributes />
        </entity>
      </EntityInfo>
      <RibbonDiffXml>
        <CustomActions />
        <Templates>
          <RibbonTemplates Id="Mscrm.Templates"></RibbonTemplates>
        </Templates>
        <CommandDefinitions />
        <RuleDefinitions>
          <TabDisplayRules />
          <DisplayRules />
          <EnableRules />
        </RuleDefinitions>
        <LocLabels />
      </RibbonDiffXml>
    </Entity>
    <Entity>
      <Name LocalizedName="承認経路" OriginalName="承認経路">tkd_ApprovalRoute</Name>
      <EntityInfo>
        <entity Name="tkd_ApprovalRoute" unmodified="1">
          <attributes />
        </entity>
      </EntityInfo>
      <RibbonDiffXml>
        <CustomActions />
        <Templates>
          <RibbonTemplates Id="Mscrm.Templates"></RibbonTemplates>
        </Templates>
        <CommandDefinitions />
        <RuleDefinitions>
          <TabDisplayRules />
          <DisplayRules />
          <EnableRules />
        </RuleDefinitions>
        <LocLabels />
      </RibbonDiffXml>
    </Entity>
  </Entities>
  <Roles></Roles>
  <Workflows></Workflows>
  <FieldSecurityProfiles></FieldSecurityProfiles>
  <Templates />
  <EntityMaps />
  <EntityRelationships />
  <OrganizationSettings />
  <optionsets />
  <CustomControls />
  <AppModuleSiteMaps>
    <AppModuleSiteMap>
      <SiteMapUniqueName>tkd_67c351acb29222fd</SiteMapUniqueName>
      <EnableCollapsibleGroups>False</EnableCollapsibleGroups>
      <ShowHome>True</ShowHome>
      <ShowPinned>True</ShowPinned>
      <ShowRecents>True</ShowRecents>
      <SiteMap IntroducedVersion="7.0.0.0">
        <Area Id="area_39e7f885" ResourceId="SitemapDesigner.NewTitle" DescriptionResourceId="SitemapDesigner.NewTitle" ShowGroups="true" IntroducedVersion="7.0.0.0">
          <Titles>
            <Title LCID="1041" Title="エリア 1" />
          </Titles>
          <Group Id="group_7416743f" ResourceId="SitemapDesigner.NewGroup" DescriptionResourceId="SitemapDesigner.NewGroup" IntroducedVersion="7.0.0.0" IsProfile="false" ToolTipResourseId="SitemapDesigner.Unknown">
            <Titles>
              <Title LCID="1041" Title="申請" />
            </Titles>
            <SubArea Id="subarea_4e1a84c3" Icon="/_imgs/imagestrips/transparent_spacer.gif" Entity="tkd_application" Client="All,Outlook,OutlookLaptopClient,OutlookWorkstationClient,Web" AvailableOffline="true" PassParams="false" Sku="All,OnPremise,Live,SPLA" />
          </Group>
          <Group Id="group_e6e744fc" ResourceId="SitemapDesigner.NewGroup" DescriptionResourceId="SitemapDesigner.NewGroup" IntroducedVersion="7.0.0.0" IsProfile="false" ToolTipResourseId="SitemapDesigner.Unknown">
            <Titles>
              <Title LCID="1041" Title="マスタ" />
            </Titles>
            <SubArea Id="subarea_ef950f09" Icon="/_imgs/imagestrips/transparent_spacer.gif" Entity="tkd_approvalroute" Client="All,Outlook,OutlookLaptopClient,OutlookWorkstationClient,Web" AvailableOffline="true" PassParams="false" Sku="All,OnPremise,Live,SPLA" />
          </Group>
        </Area>
      </SiteMap>
      <LocalizedNames>
        <LocalizedName description="申請" languagecode="1041" />
      </LocalizedNames>
    </AppModuleSiteMap>
    <AppModuleSiteMap>
      <SiteMapUniqueName>tkd_aa9f6c360a369928</SiteMapUniqueName>
      <EnableCollapsibleGroups>False</EnableCollapsibleGroups>
      <ShowHome>True</ShowHome>
      <ShowPinned>True</ShowPinned>
      <ShowRecents>True</ShowRecents>
      <SiteMap IntroducedVersion="7.0.0.0">
        <Area Id="area_e8554c0f" ResourceId="SitemapDesigner.NewTitle" DescriptionResourceId="SitemapDesigner.NewTitle" ShowGroups="true" IntroducedVersion="7.0.0.0">
          <Titles>
            <Title LCID="1041" Title="エリア 1" />
          </Titles>
          <Group Id="group_b085986f" ResourceId="SitemapDesigner.NewGroup" DescriptionResourceId="SitemapDesigner.NewGroup" IntroducedVersion="7.0.0.0" IsProfile="false" ToolTipResourseId="SitemapDesigner.Unknown">
            <Titles>
              <Title LCID="1041" Title="承認" />
            </Titles>
            <SubArea Id="subarea_e446c23a" Icon="/_imgs/imagestrips/transparent_spacer.gif" Entity="tkd_approvalresult" Client="All,Outlook,OutlookLaptopClient,OutlookWorkstationClient,Web" AvailableOffline="true" PassParams="false" Sku="All,OnPremise,Live,SPLA" />
          </Group>
          <Group Id="group_f1c60a45" ResourceId="SitemapDesigner.NewGroup" DescriptionResourceId="SitemapDesigner.NewGroup" IntroducedVersion="7.0.0.0" IsProfile="false" ToolTipResourseId="SitemapDesigner.Unknown">
            <Titles>
              <Title LCID="1041" Title="申請" />
            </Titles>
            <SubArea Id="subarea_d22a7e0f" Icon="/_imgs/imagestrips/transparent_spacer.gif" Entity="tkd_application" Client="All,Outlook,OutlookLaptopClient,OutlookWorkstationClient,Web" AvailableOffline="true" PassParams="false" Sku="All,OnPremise,Live,SPLA" />
          </Group>
          <Group Id="group_c3e756f9" ResourceId="SitemapDesigner.NewGroup" DescriptionResourceId="SitemapDesigner.NewGroup" IntroducedVersion="7.0.0.0" IsProfile="false" ToolTipResourseId="SitemapDesigner.Unknown">
            <Titles>
              <Title LCID="1041" Title="添付" />
            </Titles>
            <SubArea Id="subarea_c09e1787" Icon="/_imgs/imagestrips/transparent_spacer.gif" Entity="tkd_attachmentfile" Client="All,Outlook,OutlookLaptopClient,OutlookWorkstationClient,Web" AvailableOffline="true" PassParams="false" Sku="All,OnPremise,Live,SPLA" />
            <SubArea Id="subarea_f9672e92" Icon="/_imgs/imagestrips/transparent_spacer.gif" Entity="tkd_attachmentimage" Client="All,Outlook,OutlookLaptopClient,OutlookWorkstationClient,Web" AvailableOffline="true" PassParams="false" Sku="All,OnPremise,Live,SPLA" />
          </Group>
          <Group Id="group_67d332f8" ResourceId="SitemapDesigner.NewGroup" DescriptionResourceId="SitemapDesigner.NewGroup" IntroducedVersion="7.0.0.0" IsProfile="false" ToolTipResourseId="SitemapDesigner.Unknown">
            <Titles>
              <Title LCID="1041" Title="マスタ" />
            </Titles>
            <SubArea Id="subarea_500bbd0f" Icon="/_imgs/imagestrips/transparent_spacer.gif" Entity="tkd_approvalroute" Client="All,Outlook,OutlookLaptopClient,OutlookWorkstationClient,Web" AvailableOffline="true" PassParams="false" Sku="All,OnPremise,Live,SPLA" />
          </Group>
        </Area>
      </SiteMap>
      <LocalizedNames>
        <LocalizedName description="承認" languagecode="1041" />
      </LocalizedNames>
    </AppModuleSiteMap>
  </AppModuleSiteMaps>
  <AppModules>
    <AppModule>
      <UniqueName>tkd_8ce0fcb3fb86e01e</UniqueName>
      <IntroducedVersion>1.0.0.0</IntroducedVersion>
      <WebResourceId>953b9fac-1e5e-e611-80d6-00155ded156f</WebResourceId>
      <OptimizedFor></OptimizedFor>
      <statecode>0</statecode>
      <statuscode>1</statuscode>
      <FormFactor>1</FormFactor>
      <ClientType>4</ClientType>
      <NavigationType>0</NavigationType>
      <AppModuleComponents>
        <AppModuleComponent type="1" schemaName="tkd_approvalresult" />
        <AppModuleComponent type="1" schemaName="tkd_approvalroute" />
        <AppModuleComponent type="1" schemaName="tkd_application" />
        <AppModuleComponent type="1" schemaName="tkd_attachmentimage" />
        <AppModuleComponent type="1" schemaName="tkd_attachmentfile" />
        <AppModuleComponent type="62" schemaName="tkd_aa9f6c360a369928" />
      </AppModuleComponents>
      <AppModuleRoleMaps>
        <Role id="{119f245c-3cc8-4b62-b31c-d1a046ced15d}" />
        <Role id="{979144c2-989b-41a5-a146-6b3ea4130e8c}" />
        <Role id="{627090ff-40a3-4053-8790-584edc5be201}" />
        <Role id="{7a37a231-6102-f011-bae3-000d3ace55f2}" />
        <Role id="{b4d18da2-6102-f011-bae3-000d3ace55f2}" />
      </AppModuleRoleMaps>
      <LocalizedNames>
        <LocalizedName description="承認" languagecode="1041" />
      </LocalizedNames>
      <appelements>
        <appelement uniquename="tkd_tkd_8ce0fcb3fb86e01e_canvasappid_tkd_8ce0fcb3fb86e01edefaultcommandlibrary_cb676">
          <canvasappid>
            <name>tkd_8ce0fcb3fb86e01edefaultcommandlibrary_cb676</name>
          </canvasappid>
          <iscustomizable>1</iscustomizable>
          <name>tkd_tkd_8ce0fcb3fb86e01e_canvasappid_tkd_8ce0fcb3fb86e01edefaultcommandlibrary_cb676</name>
        </appelement>
      </appelements>
      <appsettings>
        <appsetting settingdefinitionid.uniquename="AppChannel">
          <iscustomizable>1</iscustomizable>
          <value>1</value>
        </appsetting>
      </appsettings>
    </AppModule>
    <AppModule>
      <UniqueName>tkd_08dc03e07975d0f4</UniqueName>
      <IntroducedVersion>1.0.0.0</IntroducedVersion>
      <WebResourceId>953b9fac-1e5e-e611-80d6-00155ded156f</WebResourceId>
      <OptimizedFor></OptimizedFor>
      <statecode>0</statecode>
      <statuscode>1</statuscode>
      <FormFactor>1</FormFactor>
      <ClientType>4</ClientType>
      <NavigationType>0</NavigationType>
      <AppModuleComponents>
        <AppModuleComponent type="1" schemaName="tkd_approvalroute" />
        <AppModuleComponent type="1" schemaName="tkd_application" />
        <AppModuleComponent type="62" schemaName="tkd_67c351acb29222fd" />
      </AppModuleComponents>
      <AppModuleRoleMaps>
        <Role id="{119f245c-3cc8-4b62-b31c-d1a046ced15d}" />
        <Role id="{627090ff-40a3-4053-8790-584edc5be201}" />
      </AppModuleRoleMaps>
      <LocalizedNames>
        <LocalizedName description="申請" languagecode="1041" />
      </LocalizedNames>
      <appsettings>
        <appsetting settingdefinitionid.uniquename="AppChannel">
          <iscustomizable>1</iscustomizable>
          <value>1</value>
        </appsetting>
      </appsettings>
    </AppModule>
  </AppModules>
  <EntityDataProviders />
  <CanvasApps>
    <CanvasApp>
      <Name>tkd_8ce0fcb3fb86e01edefaultcommandlibrary_cb676</Name>
      <AppVersion>2025-03-21T11:29:05Z</AppVersion>
      <Status>Ready</Status>
      <CreatedByClientVersion>3.25032.10.0</CreatedByClientVersion>
      <MinClientVersion>0.0.0.0</MinClientVersion>
      <Tags>{"primaryDeviceWidth":"1366","primaryDeviceHeight":"768","sienaVersion":"20250321T072616Z-3.25032.10.0","deviceCapabilities":"","supportsPortrait":"true","supportsLandscape":"true","primaryFormFactor":"Tablet","publisherVersion":"3.25032.10","minimumRequiredApiVersion":"2.2.0","hasComponent":"true","hasUnlockedComponent":"true","isUnifiedRootApp":"false","showStatusBar":"false"}</Tags>
      <IsCdsUpgraded>0</IsCdsUpgraded>
      <GalleryItemId xsi:nil="true"></GalleryItemId>
      <BackgroundColor>RGBA(251,101,60,1)</BackgroundColor>
      <DisplayName>8ce0fcb3fb86e01e_DefaultCommandLibrary</DisplayName>
      <Description xsi:nil="true"></Description>
      <CommitMessage>コマンド デザイナーが保存しました。</CommitMessage>
      <Publisher xsi:nil="true"></Publisher>
      <AuthorizationReferences>[]</AuthorizationReferences>
      <ConnectionReferences>{}</ConnectionReferences>
      <DatabaseReferences>{"default.cds":{"databaseDetails":{"referenceType":"Environmental","environmentName":"default.cds"},"dataSources":{"承認経路":{"entitySetName":"tkd_approvalroutes","logicalName":"tkd_approvalroute"},"ユーザー ":{"entitySetName":"systemusers","logicalName":"systemuser"},"申請":{"entitySetName":"tkd_applications","logicalName":"tkd_application"}}}}</DatabaseReferences>
      <AppComponents>[]</AppComponents>
      <AppComponentDependencies>[]</AppComponentDependencies>
      <CanConsumeAppPass>1</CanConsumeAppPass>
      <CanvasAppType>1</CanvasAppType>
      <BypassConsent>0</BypassConsent>
      <AdminControlBypassConsent>0</AdminControlBypassConsent>
      <EmbeddedApp xsi:nil="true"></EmbeddedApp>
      <IntroducedVersion>1.0</IntroducedVersion>
      <CdsDependencies>{"cdsdependencies":[{"logicalname":"tkd_approvalroute","componenttype":1},{"logicalname":"systemuser","componenttype":1},{"logicalname":"tkd_application","componenttype":1}]}</CdsDependencies>
      <IsCustomizable>1</IsCustomizable>
      <BackgroundImageUri>/CanvasApps/tkd_8ce0fcb3fb86e01edefaultcommandlibrary_cb676_BackgroundImageUri</BackgroundImageUri>
      <DocumentUri>/CanvasApps/tkd_8ce0fcb3fb86e01edefaultcommandlibrary_cb676_DocumentUri.msapp</DocumentUri>
    </CanvasApp>
  </CanvasApps>
  <Languages>
    <Language>1041</Language>
  </Languages>
</ImportExportXml>