<ImportExportXml xmlns:xsi="http://www.w3.org/2001/XMLSchema-instance" OrganizationVersion="9.2.25024.194" OrganizationSchemaType="Standard" CRMServerServiceabilityVersion="9.2.25024.00194">
  <Entities></Entities>
  <Roles></Roles>
  <Workflows></Workflows>
  <FieldSecurityProfiles></FieldSecurityProfiles>
  <Templates />
  <EntityMaps />
  <EntityRelationships />
  <OrganizationSettings />
  <optionsets />
  <CustomControls />
  <AppModuleSiteMaps>
    <AppModuleSiteMap>
      <SiteMapUniqueName>tkd_aa9f6c360a369928</SiteMapUniqueName>
      <EnableCollapsibleGroups>False</EnableCollapsibleGroups>
      <ShowHome>True</ShowHome>
      <ShowPinned>True</ShowPinned>
      <ShowRecents>True</ShowRecents>
      <SiteMap IntroducedVersion="7.0.0.0">
        <Area Id="area_e8554c0f" ResourceId="SitemapDesigner.NewTitle" DescriptionResourceId="SitemapDesigner.NewTitle" ShowGroups="true" IntroducedVersion="7.0.0.0">
          <Titles>
            <Title LCID="1041" Title="エリア 1" />
          </Titles>
          <Group Id="group_67d332f8" ResourceId="SitemapDesigner.NewGroup" DescriptionResourceId="SitemapDesigner.NewGroup" IntroducedVersion="7.0.0.0" IsProfile="false" ToolTipResourseId="SitemapDesigner.Unknown">
            <Titles>
              <Title LCID="1041" Title="マスタ" />
            </Titles>
            <SubArea Id="subarea_500bbd0f" Icon="/_imgs/imagestrips/transparent_spacer.gif" Entity="tkd_approvalroute" Client="All,Outlook,OutlookLaptopClient,OutlookWorkstationClient,Web" AvailableOffline="true" PassParams="false" Sku="All,OnPremise,Live,SPLA" />
          </Group>
          <Group Id="group_f1c60a45" ResourceId="SitemapDesigner.NewGroup" DescriptionResourceId="SitemapDesigner.NewGroup" IntroducedVersion="7.0.0.0" IsProfile="false" ToolTipResourseId="SitemapDesigner.Unknown">
            <Titles>
              <Title LCID="1041" Title="申請" />
            </Titles>
            <SubArea Id="subarea_d22a7e0f" Icon="/_imgs/imagestrips/transparent_spacer.gif" Entity="tkd_application" Client="All,Outlook,OutlookLaptopClient,OutlookWorkstationClient,Web" AvailableOffline="true" PassParams="false" Sku="All,OnPremise,Live,SPLA" />
            <SubArea Id="subarea_e446c23a" Icon="/_imgs/imagestrips/transparent_spacer.gif" Entity="tkd_approvalresult" Client="All,Outlook,OutlookLaptopClient,OutlookWorkstationClient,Web" AvailableOffline="true" PassParams="false" Sku="All,OnPremise,Live,SPLA" />
          </Group>
          <Group Id="group_c3e756f9" ResourceId="SitemapDesigner.NewGroup" DescriptionResourceId="SitemapDesigner.NewGroup" IntroducedVersion="7.0.0.0" IsProfile="false" ToolTipResourseId="SitemapDesigner.Unknown">
            <Titles>
              <Title LCID="1041" Title="添付" />
            </Titles>
            <SubArea Id="subarea_c09e1787" Icon="/_imgs/imagestrips/transparent_spacer.gif" Entity="tkd_attachmentfile" Client="All,Outlook,OutlookLaptopClient,OutlookWorkstationClient,Web" AvailableOffline="true" PassParams="false" Sku="All,OnPremise,Live,SPLA" />
            <SubArea Id="subarea_f9672e92" Icon="/_imgs/imagestrips/transparent_spacer.gif" Entity="tkd_attachmentimage" Client="All,Outlook,OutlookLaptopClient,OutlookWorkstationClient,Web" AvailableOffline="true" PassParams="false" Sku="All,OnPremise,Live,SPLA" />
          </Group>
        </Area>
      </SiteMap>
      <LocalizedNames>
        <LocalizedName description="承認" languagecode="1041" />
      </LocalizedNames>
    </AppModuleSiteMap>
  </AppModuleSiteMaps>
  <AppModules>
    <AppModule>
      <UniqueName>tkd_8ce0fcb3fb86e01e</UniqueName>
      <IntroducedVersion>1.0.0.0</IntroducedVersion>
      <WebResourceId>953b9fac-1e5e-e611-80d6-00155ded156f</WebResourceId>
      <OptimizedFor></OptimizedFor>
      <statecode>0</statecode>
      <statuscode>1</statuscode>
      <FormFactor>1</FormFactor>
      <ClientType>4</ClientType>
      <NavigationType>0</NavigationType>
      <AppModuleComponents>
        <AppModuleComponent type="1" schemaName="tkd_approvalresult" />
        <AppModuleComponent type="1" schemaName="tkd_approvalroute" />
        <AppModuleComponent type="1" schemaName="tkd_application" />
        <AppModuleComponent type="1" schemaName="tkd_attachmentimage" />
        <AppModuleComponent type="1" schemaName="tkd_attachmentfile" />
        <AppModuleComponent type="62" schemaName="tkd_aa9f6c360a369928" />
      </AppModuleComponents>
      <AppModuleRoleMaps>
        <Role id="{119f245c-3cc8-4b62-b31c-d1a046ced15d}" />
        <Role id="{979144c2-989b-41a5-a146-6b3ea4130e8c}" />
        <Role id="{627090ff-40a3-4053-8790-584edc5be201}" />
        <Role id="{7a37a231-6102-f011-bae3-000d3ace55f2}" />
        <Role id="{b4d18da2-6102-f011-bae3-000d3ace55f2}" />
      </AppModuleRoleMaps>
      <LocalizedNames>
        <LocalizedName description="承認" languagecode="1041" />
      </LocalizedNames>
      <appsettings>
        <appsetting settingdefinitionid.uniquename="AppChannel">
          <iscustomizable>1</iscustomizable>
          <value>1</value>
        </appsetting>
      </appsettings>
    </AppModule>
  </AppModules>
  <EntityDataProviders />
  <Languages>
    <Language>1041</Language>
  </Languages>
</ImportExportXml>