<ImportExportXml version="9.2.25031.202" SolutionPackageVersion="9.2" languagecode="1041" generatedBy="CrmLive" xmlns:xsi="http://www.w3.org/2001/XMLSchema-instance" OrganizationVersion="9.2.25031.202" OrganizationSchemaType="Standard" CRMServerServiceabilityVersion="9.2.25031.00202">
  <SolutionManifest>
    <UniqueName>Takeda_ModelDrivenApps</UniqueName>
    <LocalizedNames>
      <LocalizedName description="Takeda_ModelDrivenApps" languagecode="1041" />
    </LocalizedNames>
    <Descriptions />
    <Version>1.0.0.0</Version>
    <Managed>0</Managed>
    <Publisher>
      <UniqueName>tkd</UniqueName>
      <LocalizedNames>
        <LocalizedName description="tkd" languagecode="1041" />
      </LocalizedNames>
      <Descriptions />
      <EMailAddress xsi:nil="true"></EMailAddress>
      <SupportingWebsiteUrl xsi:nil="true"></SupportingWebsiteUrl>
      <CustomizationPrefix>tkd</CustomizationPrefix>
      <CustomizationOptionValuePrefix>93117</CustomizationOptionValuePrefix>
      <Addresses>
        <Address>
          <AddressNumber>1</AddressNumber>
          <AddressTypeCode>1</AddressTypeCode>
          <City xsi:nil="true"></City>
          <County xsi:nil="true"></County>
          <Country xsi:nil="true"></Country>
          <Fax xsi:nil="true"></Fax>
          <FreightTermsCode xsi:nil="true"></FreightTermsCode>
          <ImportSequenceNumber xsi:nil="true"></ImportSequenceNumber>
          <Latitude xsi:nil="true"></Latitude>
          <Line1 xsi:nil="true"></Line1>
          <Line2 xsi:nil="true"></Line2>
          <Line3 xsi:nil="true"></Line3>
          <Longitude xsi:nil="true"></Longitude>
          <Name xsi:nil="true"></Name>
          <PostalCode xsi:nil="true"></PostalCode>
          <PostOfficeBox xsi:nil="true"></PostOfficeBox>
          <PrimaryContactName xsi:nil="true"></PrimaryContactName>
          <ShippingMethodCode>1</ShippingMethodCode>
          <StateOrProvince xsi:nil="true"></StateOrProvince>
          <Telephone1 xsi:nil="true"></Telephone1>
          <Telephone2 xsi:nil="true"></Telephone2>
          <Telephone3 xsi:nil="true"></Telephone3>
          <TimeZoneRuleVersionNumber xsi:nil="true"></TimeZoneRuleVersionNumber>
          <UPSZone xsi:nil="true"></UPSZone>
          <UTCOffset xsi:nil="true"></UTCOffset>
          <UTCConversionTimeZoneCode xsi:nil="true"></UTCConversionTimeZoneCode>
        </Address>
        <Address>
          <AddressNumber>2</AddressNumber>
          <AddressTypeCode>1</AddressTypeCode>
          <City xsi:nil="true"></City>
          <County xsi:nil="true"></County>
          <Country xsi:nil="true"></Country>
          <Fax xsi:nil="true"></Fax>
          <FreightTermsCode xsi:nil="true"></FreightTermsCode>
          <ImportSequenceNumber xsi:nil="true"></ImportSequenceNumber>
          <Latitude xsi:nil="true"></Latitude>
          <Line1 xsi:nil="true"></Line1>
          <Line2 xsi:nil="true"></Line2>
          <Line3 xsi:nil="true"></Line3>
          <Longitude xsi:nil="true"></Longitude>
          <Name xsi:nil="true"></Name>
          <PostalCode xsi:nil="true"></PostalCode>
          <PostOfficeBox xsi:nil="true"></PostOfficeBox>
          <PrimaryContactName xsi:nil="true"></PrimaryContactName>
          <ShippingMethodCode>1</ShippingMethodCode>
          <StateOrProvince xsi:nil="true"></StateOrProvince>
          <Telephone1 xsi:nil="true"></Telephone1>
          <Telephone2 xsi:nil="true"></Telephone2>
          <Telephone3 xsi:nil="true"></Telephone3>
          <TimeZoneRuleVersionNumber xsi:nil="true"></TimeZoneRuleVersionNumber>
          <UPSZone xsi:nil="true"></UPSZone>
          <UTCOffset xsi:nil="true"></UTCOffset>
          <UTCConversionTimeZoneCode xsi:nil="true"></UTCConversionTimeZoneCode>
        </Address>
      </Addresses>
    </Publisher>
    <RootComponents>
      <RootComponent type="1" schemaName="tkd_application" behavior="2" />
      <RootComponent type="1" schemaName="tkd_approvalroute" behavior="2" />
      <RootComponent type="62" schemaName="tkd_67c351acb29222fd" behavior="0" />
      <RootComponent type="62" schemaName="tkd_aa9f6c360a369928" behavior="0" />
      <RootComponent type="80" schemaName="tkd_08dc03e07975d0f4" behavior="0" />
      <RootComponent type="80" schemaName="tkd_8ce0fcb3fb86e01e" behavior="0" />
      <RootComponent type="300" schemaName="tkd_8ce0fcb3fb86e01edefaultcommandlibrary_cb676" behavior="0" />
    </RootComponents>
    <MissingDependencies>
      <MissingDependency>
        <Required type="1" schemaName="tkd_application" displayName="申請" solution="Active" />
        <Dependent type="1" schemaName="tkd_application" displayName="申請" />
      </MissingDependency>
      <MissingDependency>
        <Required type="1" schemaName="tkd_approvalresult" displayName="承認結果" solution="Active" />
        <Dependent type="62" schemaName="tkd_aa9f6c360a369928" />
      </MissingDependency>
      <MissingDependency>
        <Required type="1" schemaName="tkd_approvalresult" displayName="承認結果" solution="Active" />
        <Dependent type="80" schemaName="tkd_8ce0fcb3fb86e01e" displayName="承認" />
      </MissingDependency>
      <MissingDependency>
        <Required type="1" schemaName="tkd_approvalroute" displayName="承認経路" solution="Active" />
        <Dependent type="1" schemaName="tkd_approvalroute" displayName="承認経路" />
      </MissingDependency>
      <MissingDependency>
        <Required type="1" schemaName="tkd_attachmentfile" displayName="添付ファイル" solution="Active" />
        <Dependent type="62" schemaName="tkd_aa9f6c360a369928" />
      </MissingDependency>
      <MissingDependency>
        <Required type="1" schemaName="tkd_attachmentfile" displayName="添付ファイル" solution="Active" />
        <Dependent type="80" schemaName="tkd_8ce0fcb3fb86e01e" displayName="承認" />
      </MissingDependency>
      <MissingDependency>
        <Required type="1" schemaName="tkd_attachmentimage" displayName="添付画像" solution="Active" />
        <Dependent type="62" schemaName="tkd_aa9f6c360a369928" />
      </MissingDependency>
      <MissingDependency>
        <Required type="1" schemaName="tkd_attachmentimage" displayName="添付画像" solution="Active" />
        <Dependent type="80" schemaName="tkd_8ce0fcb3fb86e01e" displayName="承認" />
      </MissingDependency>
      <MissingDependency>
        <Required type="20" displayName="管理者" solution="Active" id="{7a37a231-6102-f011-bae3-000d3ace55f2}" />
        <Dependent type="80" schemaName="tkd_8ce0fcb3fb86e01e" displayName="承認" />
      </MissingDependency>
      <MissingDependency>
        <Required type="20" displayName="アプリ オープナー" solution="AuthorizationCore (1.121.0.0)" id="{979144c2-989b-41a5-a146-6b3ea4130e8c}">
          <package appName="Authorization Package" version="1.7.0.0">msft_PrivilegeChecker (1.7.0.0)</package>
        </Required>
        <Dependent type="80" schemaName="tkd_8ce0fcb3fb86e01e" displayName="承認" />
      </MissingDependency>
      <MissingDependency>
        <Required type="20" displayName="利用者" solution="Active" id="{b4d18da2-6102-f011-bae3-000d3ace55f2}" />
        <Dependent type="80" schemaName="tkd_8ce0fcb3fb86e01e" displayName="承認" />
      </MissingDependency>
      <MissingDependency>
        <Required type="61" schemaName="msdyn_/Images/AppModule_Default_Icon.png" displayName="msdyn_/Images/AppModule_Default_Icon.png" solution="AppModuleWebResources (2.5)">
          <package appName="AppModule Web Resources Package" version="2.5">AppModuleWebResources (2.5)</package>
        </Required>
        <Dependent type="80" schemaName="tkd_08dc03e07975d0f4" displayName="申請" />
      </MissingDependency>
      <MissingDependency>
        <Required type="61" schemaName="msdyn_/Images/AppModule_Default_Icon.png" displayName="msdyn_/Images/AppModule_Default_Icon.png" solution="AppModuleWebResources (2.5)">
          <package appName="AppModule Web Resources Package" version="2.5">AppModuleWebResources (2.5)</package>
        </Required>
        <Dependent type="80" schemaName="tkd_8ce0fcb3fb86e01e" displayName="承認" />
      </MissingDependency>
      <MissingDependency>
        <Required type="SettingDefinition" displayName="AppChannel" solution="msdyn_AppFrameworkInfraExtensions (1.0.0.12)" id.uniquename="AppChannel">
          <package appName="PowerAppsAppFramework Package" version="1.0.0.17">PowerAppsAppFramework_Anchor (1.0.0.17)</package>
        </Required>
        <Dependent type="AppSetting" displayName="parentappmoduleid.uniquename=tkd_08dc03e07975d0f4,settingdefinitionid.uniquename=AppChannel" id.parentappmoduleid.uniquename="tkd_08dc03e07975d0f4" id.settingdefinitionid.uniquename="AppChannel" />
      </MissingDependency>
      <MissingDependency>
        <Required type="SettingDefinition" displayName="AppChannel" solution="msdyn_AppFrameworkInfraExtensions (1.0.0.12)" id.uniquename="AppChannel">
          <package appName="PowerAppsAppFramework Package" version="1.0.0.17">PowerAppsAppFramework_Anchor (1.0.0.17)</package>
        </Required>
        <Dependent type="AppSetting" displayName="parentappmoduleid.uniquename=tkd_8ce0fcb3fb86e01e,settingdefinitionid.uniquename=AppChannel" id.parentappmoduleid.uniquename="tkd_8ce0fcb3fb86e01e" id.settingdefinitionid.uniquename="AppChannel" />
      </MissingDependency>
    </MissingDependencies>
  </SolutionManifest>
</ImportExportXml>