<appaction uniquename="tkd__!8546082fead74c85a5ccbad1560aafcb!tkd_8ce0fcb3fb86e01e!tkd_application!1">
  <appmoduleid>
    <uniquename>tkd_8ce0fcb3fb86e01e</uniquename>
  </appmoduleid>
  <buttonlabeltext default="選択した申請をコピーして作成">
    <label description="選択した申請をコピーして作成" languagecode="1041" />
  </buttonlabeltext>
  <context>1</context>
  <contextentity>
    <logicalname>tkd_application</logicalname>
  </contextentity>
  <contextvalue>tkd_application</contextvalue>
  <fonticon>Copy</fonticon>
  <hidden>0</hidden>
  <iscustomizable>1</iscustomizable>
  <isdisabled>0</isdisabled>
  <isgrouptitlehidden>0</isgrouptitlehidden>
  <location>1</location>
  <name>!8546082fead74c85a5ccbad1560aafcb</name>
  <onclickeventformulacomponentlibraryid>
    <name>tkd_8ce0fcb3fb86e01edefaultcommandlibrary_cb676</name>
  </onclickeventformulacomponentlibraryid>
  <onclickeventformulacomponentname>2b411c4b532a49189f97e47e71ca3847</onclickeventformulacomponentname>
  <onclickeventformulafunctionname>OnSelect</onclickeventformulafunctionname>
  <onclickeventtype>1</onclickeventtype>
  <origin>0</origin>
  <sequence>1000100015.0000000000</sequence>
  <statecode>0</statecode>
  <statuscode>1</statuscode>
  <type>0</type>
  <visibilityformulacomponentlibraryid>
    <name>tkd_8ce0fcb3fb86e01edefaultcommandlibrary_cb676</name>
  </visibilityformulacomponentlibraryid>
  <visibilityformulacomponentname>2b411c4b532a49189f97e47e71ca3847</visibilityformulacomponentname>
  <visibilityformulafunctionname>Visible</visibilityformulafunctionname>
  <visibilitytype>1</visibilitytype>
</appaction>