<appaction uniquename="tkd__!2aa91a9447f34a19b4efef558fd931ad!tkd_8ce0fcb3fb86e01e!tkd_application!0">
  <appmoduleid>
    <uniquename>tkd_8ce0fcb3fb86e01e</uniquename>
  </appmoduleid>
  <buttonlabeltext default="申請する">
    <label description="申請する" languagecode="1041" />
  </buttonlabeltext>
  <context>1</context>
  <contextentity>
    <logicalname>tkd_application</logicalname>
  </contextentity>
  <contextvalue>tkd_application</contextvalue>
  <fonticon>SendEmail</fonticon>
  <hidden>0</hidden>
  <iscustomizable>1</iscustomizable>
  <isdisabled>0</isdisabled>
  <isgrouptitlehidden>0</isgrouptitlehidden>
  <location>0</location>
  <name>!2aa91a9447f34a19b4efef558fd931ad</name>
  <onclickeventformulacomponentlibraryid>
    <name>tkd_8ce0fcb3fb86e01edefaultcommandlibrary_cb676</name>
  </onclickeventformulacomponentlibraryid>
  <onclickeventformulacomponentname>61dd6bd30afe40db9cbe9ee9e0143b94</onclickeventformulacomponentname>
  <onclickeventformulafunctionname>OnSelect</onclickeventformulafunctionname>
  <onclickeventtype>1</onclickeventtype>
  <origin>0</origin>
  <sequence>100100037.5000000000</sequence>
  <statecode>0</statecode>
  <statuscode>1</statuscode>
  <type>0</type>
  <visibilityformulacomponentlibraryid>
    <name>tkd_8ce0fcb3fb86e01edefaultcommandlibrary_cb676</name>
  </visibilityformulacomponentlibraryid>
  <visibilityformulacomponentname>61dd6bd30afe40db9cbe9ee9e0143b94</visibilityformulacomponentname>
  <visibilityformulafunctionname>Visible</visibilityformulafunctionname>
  <visibilitytype>1</visibilitytype>
</appaction>