<ImportExportXml version="9.2.25031.202" SolutionPackageVersion="9.2" languagecode="1041" generatedBy="CrmLive" xmlns:xsi="http://www.w3.org/2001/XMLSchema-instance" OrganizationVersion="9.2.25031.202" OrganizationSchemaType="Standard" CRMServerServiceabilityVersion="9.2.25031.00202">
  <SolutionManifest>
    <UniqueName>Takeda_CloudFlows</UniqueName>
    <LocalizedNames>
      <LocalizedName description="Takeda_CloudFlows" languagecode="1041" />
    </LocalizedNames>
    <Descriptions />
    <Version>1.0.0.0</Version>
    <Managed>0</Managed>
    <Publisher>
      <UniqueName>tkd</UniqueName>
      <LocalizedNames>
        <LocalizedName description="tkd" languagecode="1041" />
      </LocalizedNames>
      <Descriptions />
      <EMailAddress xsi:nil="true"></EMailAddress>
      <SupportingWebsiteUrl xsi:nil="true"></SupportingWebsiteUrl>
      <CustomizationPrefix>tkd</CustomizationPrefix>
      <CustomizationOptionValuePrefix>93117</CustomizationOptionValuePrefix>
      <Addresses>
        <Address>
          <AddressNumber>1</AddressNumber>
          <AddressTypeCode>1</AddressTypeCode>
          <City xsi:nil="true"></City>
          <County xsi:nil="true"></County>
          <Country xsi:nil="true"></Country>
          <Fax xsi:nil="true"></Fax>
          <FreightTermsCode xsi:nil="true"></FreightTermsCode>
          <ImportSequenceNumber xsi:nil="true"></ImportSequenceNumber>
          <Latitude xsi:nil="true"></Latitude>
          <Line1 xsi:nil="true"></Line1>
          <Line2 xsi:nil="true"></Line2>
          <Line3 xsi:nil="true"></Line3>
          <Longitude xsi:nil="true"></Longitude>
          <Name xsi:nil="true"></Name>
          <PostalCode xsi:nil="true"></PostalCode>
          <PostOfficeBox xsi:nil="true"></PostOfficeBox>
          <PrimaryContactName xsi:nil="true"></PrimaryContactName>
          <ShippingMethodCode>1</ShippingMethodCode>
          <StateOrProvince xsi:nil="true"></StateOrProvince>
          <Telephone1 xsi:nil="true"></Telephone1>
          <Telephone2 xsi:nil="true"></Telephone2>
          <Telephone3 xsi:nil="true"></Telephone3>
          <TimeZoneRuleVersionNumber xsi:nil="true"></TimeZoneRuleVersionNumber>
          <UPSZone xsi:nil="true"></UPSZone>
          <UTCOffset xsi:nil="true"></UTCOffset>
          <UTCConversionTimeZoneCode xsi:nil="true"></UTCConversionTimeZoneCode>
        </Address>
        <Address>
          <AddressNumber>2</AddressNumber>
          <AddressTypeCode>1</AddressTypeCode>
          <City xsi:nil="true"></City>
          <County xsi:nil="true"></County>
          <Country xsi:nil="true"></Country>
          <Fax xsi:nil="true"></Fax>
          <FreightTermsCode xsi:nil="true"></FreightTermsCode>
          <ImportSequenceNumber xsi:nil="true"></ImportSequenceNumber>
          <Latitude xsi:nil="true"></Latitude>
          <Line1 xsi:nil="true"></Line1>
          <Line2 xsi:nil="true"></Line2>
          <Line3 xsi:nil="true"></Line3>
          <Longitude xsi:nil="true"></Longitude>
          <Name xsi:nil="true"></Name>
          <PostalCode xsi:nil="true"></PostalCode>
          <PostOfficeBox xsi:nil="true"></PostOfficeBox>
          <PrimaryContactName xsi:nil="true"></PrimaryContactName>
          <ShippingMethodCode>1</ShippingMethodCode>
          <StateOrProvince xsi:nil="true"></StateOrProvince>
          <Telephone1 xsi:nil="true"></Telephone1>
          <Telephone2 xsi:nil="true"></Telephone2>
          <Telephone3 xsi:nil="true"></Telephone3>
          <TimeZoneRuleVersionNumber xsi:nil="true"></TimeZoneRuleVersionNumber>
          <UPSZone xsi:nil="true"></UPSZone>
          <UTCOffset xsi:nil="true"></UTCOffset>
          <UTCConversionTimeZoneCode xsi:nil="true"></UTCConversionTimeZoneCode>
        </Address>
      </Addresses>
    </Publisher>
    <RootComponents>
      <RootComponent type="29" id="{0aa1cb87-e105-f011-bae3-000d3ace55f2}" behavior="0" />
      <RootComponent type="29" id="{2d1c97f1-9904-f011-bae3-000d3ace55f2}" behavior="0" />
      <RootComponent type="29" id="{56e3e9e0-5d04-f011-bae3-000d3ace55f2}" behavior="0" />
      <RootComponent type="29" id="{6f0fe5e0-0f02-f011-bae3-000d3ace55f2}" behavior="0" />
      <RootComponent type="29" id="{8d1f5536-6c09-f011-bae3-000d3ace55f2}" behavior="0" />
      <RootComponent type="29" id="{ab36cc64-1402-f011-bae3-000d3ace55f2}" behavior="0" />
      <RootComponent type="29" id="{d60cbc84-6709-f011-bae3-000d3ace55f2}" behavior="0" />
      <RootComponent type="29" id="{d931800d-bb03-f011-bae3-000d3ace55f2}" behavior="0" />
      <RootComponent type="29" id="{ddee8815-8204-f011-bae3-000d3ace55f2}" behavior="0" />
      <RootComponent type="29" id="{f440479a-af03-f011-bae3-000d3ace55f2}" behavior="0" />
    </RootComponents>
    <MissingDependencies>
      <MissingDependency>
        <Required type="1" schemaName="environmentvariablevalue" displayName="Environment Variable Value" solution="EnvironmentVariables (1.0.2406.4)">
          <package appName="EnvironmentVariables" version="1.0.2406.4">EnvironmentVariablesSolutionAnchor (1.0.2406.4)</package>
        </Required>
        <Dependent type="29" displayName="初期設定_環境URLを環境変数に設定する" id="{8d1f5536-6c09-f011-bae3-000d3ace55f2}" />
      </MissingDependency>
      <MissingDependency>
        <Required type="1" schemaName="environmentvariablevalue" displayName="Environment Variable Value" solution="EnvironmentVariables (1.0.2406.4)">
          <package appName="EnvironmentVariables" version="1.0.2406.4">EnvironmentVariablesSolutionAnchor (1.0.2406.4)</package>
        </Required>
        <Dependent type="29" displayName="初期設定_モデル駆動型の申請アプリのGUIDを環境変数に設定する" id="{d60cbc84-6709-f011-bae3-000d3ace55f2}" />
      </MissingDependency>
      <MissingDependency>
        <Required type="1" schemaName="environmentvariablevalue" displayName="Environment Variable Value" solution="EnvironmentVariables (1.0.2406.4)">
          <package appName="EnvironmentVariables" version="1.0.2406.4">EnvironmentVariablesSolutionAnchor (1.0.2406.4)</package>
        </Required>
        <Dependent type="29" displayName="初期設定_自分のGUIDを環境変数に設定する" id="{f440479a-af03-f011-bae3-000d3ace55f2}" />
      </MissingDependency>
      <MissingDependency>
        <Required type="1" schemaName="tkd_application" displayName="申請" solution="Active" />
        <Dependent type="29" displayName="レコード更新_承認結果_回答されたら次の承認に進む" id="{0aa1cb87-e105-f011-bae3-000d3ace55f2}" />
      </MissingDependency>
      <MissingDependency>
        <Required type="1" schemaName="tkd_application" displayName="申請" solution="Active" />
        <Dependent type="29" displayName="レコード更新_申請_子_承認結果レコードを作成・紐づける" id="{2d1c97f1-9904-f011-bae3-000d3ace55f2}" />
      </MissingDependency>
      <MissingDependency>
        <Required type="1" schemaName="tkd_application" displayName="申請" solution="Active" />
        <Dependent type="29" displayName="レコード更新_申請_子_申請レコードの所有権を刈り取る" id="{56e3e9e0-5d04-f011-bae3-000d3ace55f2}" />
      </MissingDependency>
      <MissingDependency>
        <Required type="1" schemaName="tkd_application" displayName="申請" solution="Active" />
        <Dependent type="29" displayName="レコード更新_申請_提出されたら所有権を刈り取り、承認処理を進める" id="{d931800d-bb03-f011-bae3-000d3ace55f2}" />
      </MissingDependency>
      <MissingDependency>
        <Required type="1" schemaName="tkd_application" displayName="申請" solution="Active" />
        <Dependent type="29" displayName="レコード更新_申請_子_申請レコードを共有する" id="{ddee8815-8204-f011-bae3-000d3ace55f2}" />
      </MissingDependency>
      <MissingDependency>
        <Required type="1" schemaName="tkd_approvalresult" displayName="承認結果" solution="Active" />
        <Dependent type="29" displayName="レコード更新_承認結果_回答されたら次の承認に進む" id="{0aa1cb87-e105-f011-bae3-000d3ace55f2}" />
      </MissingDependency>
      <MissingDependency>
        <Required type="1" schemaName="tkd_approvalresult" displayName="承認結果" solution="Active" />
        <Dependent type="29" displayName="レコード更新_申請_子_承認結果レコードを作成・紐づける" id="{2d1c97f1-9904-f011-bae3-000d3ace55f2}" />
      </MissingDependency>
      <MissingDependency>
        <Required type="1" schemaName="tkd_approvalroute" displayName="承認経路" solution="Active" />
        <Dependent type="29" displayName="レコード更新_申請_子_承認結果レコードを作成・紐づける" id="{2d1c97f1-9904-f011-bae3-000d3ace55f2}" />
      </MissingDependency>
      <MissingDependency>
        <Required type="1" schemaName="tkd_approvalroute" displayName="承認経路" solution="Active" />
        <Dependent type="29" displayName="レコード更新_申請_子_申請レコードを共有する" id="{ddee8815-8204-f011-bae3-000d3ace55f2}" />
      </MissingDependency>
      <MissingDependency>
        <Required type="1" schemaName="tkd_attachmentfile" displayName="添付ファイル" solution="Active" />
        <Dependent type="29" displayName="レコード更新_添付ファイル_ファイル名を設定する" id="{ab36cc64-1402-f011-bae3-000d3ace55f2}" />
      </MissingDependency>
      <MissingDependency>
        <Required type="1" schemaName="tkd_attachmentimage" displayName="添付画像" solution="Active" />
        <Dependent type="29" displayName="レコード更新_添付画像_ファイル名を設定する" id="{6f0fe5e0-0f02-f011-bae3-000d3ace55f2}" />
      </MissingDependency>
      <MissingDependency>
        <Required type="2" schemaName="tkd_applicationstatus" displayName="申請ステータス" parentSchemaName="tkd_application" parentDisplayName="申請" solution="Active" />
        <Dependent type="29" displayName="レコード更新_申請_提出されたら所有権を刈り取り、承認処理を進める" id="{d931800d-bb03-f011-bae3-000d3ace55f2}" />
      </MissingDependency>
      <MissingDependency>
        <Required type="2" schemaName="tkd_approvalstatus" displayName="承認ステータス" parentSchemaName="tkd_approvalresult" parentDisplayName="承認結果" solution="Active" />
        <Dependent type="29" displayName="レコード更新_承認結果_回答されたら次の承認に進む" id="{0aa1cb87-e105-f011-bae3-000d3ace55f2}" />
      </MissingDependency>
      <MissingDependency>
        <Required type="2" schemaName="tkd_file" displayName="ファイル" parentSchemaName="tkd_attachmentfile" parentDisplayName="添付ファイル" solution="Active" />
        <Dependent type="29" displayName="レコード更新_添付ファイル_ファイル名を設定する" id="{ab36cc64-1402-f011-bae3-000d3ace55f2}" />
      </MissingDependency>
    </MissingDependencies>
  </SolutionManifest>
</ImportExportXml>