<environmentvariabledefinition schemaname="tkd_EnvironmentURL">
  <defaultvalue>https://org********.crm*.dynamics.com</defaultvalue>
  <description default="https://org********.crm*.dynamics.com">
    <label description="https://org********.crm*.dynamics.com" languagecode="1041" />
  </description>
  <displayname default="環境URL">
    <label description="環境URL" languagecode="1041" />
  </displayname>
  <introducedversion>1.0.0.0</introducedversion>
  <iscustomizable>1</iscustomizable>
  <isrequired>0</isrequired>
  <secretstore>0</secretstore>
  <type>100000000</type>
</environmentvariabledefinition>