<environmentvariabledefinition schemaname="tkd_SystemAccountGUID">
  <description default="システムアカウントを示すユーザーテーブルレコードのGUID">
    <label description="システムアカウントを示すユーザーテーブルレコードのGUID" languagecode="1041" />
  </description>
  <displayname default="システムアカウントGUID">
    <label description="システムアカウントGUID" languagecode="1041" />
  </displayname>
  <introducedversion>1.0.0.0</introducedversion>
  <iscustomizable>1</iscustomizable>
  <isrequired>0</isrequired>
  <secretstore>0</secretstore>
  <type>100000000</type>
</environmentvariabledefinition>