<ImportExportXml version="9.2.25024.194" SolutionPackageVersion="9.2" languagecode="1041" generatedBy="CrmLive" xmlns:xsi="http://www.w3.org/2001/XMLSchema-instance" OrganizationVersion="9.2.25024.194" OrganizationSchemaType="Standard" CRMServerServiceabilityVersion="9.2.25031.00196">
  <SolutionManifest>
    <UniqueName>Takeda</UniqueName>
    <LocalizedNames>
      <LocalizedName description="Takeda" languagecode="1041" />
    </LocalizedNames>
    <Descriptions />
    <Version>1.0.0.0</Version>
    <Managed>1</Managed>
    <Publisher>
      <UniqueName>tkd</UniqueName>
      <LocalizedNames>
        <LocalizedName description="tkd" languagecode="1041" />
      </LocalizedNames>
      <Descriptions />
      <EMailAddress xsi:nil="true"></EMailAddress>
      <SupportingWebsiteUrl xsi:nil="true"></SupportingWebsiteUrl>
      <CustomizationPrefix>tkd</CustomizationPrefix>
      <CustomizationOptionValuePrefix>93117</CustomizationOptionValuePrefix>
      <Addresses>
        <Address>
          <AddressNumber>1</AddressNumber>
          <AddressTypeCode>1</AddressTypeCode>
          <City xsi:nil="true"></City>
          <County xsi:nil="true"></County>
          <Country xsi:nil="true"></Country>
          <Fax xsi:nil="true"></Fax>
          <FreightTermsCode xsi:nil="true"></FreightTermsCode>
          <ImportSequenceNumber xsi:nil="true"></ImportSequenceNumber>
          <Latitude xsi:nil="true"></Latitude>
          <Line1 xsi:nil="true"></Line1>
          <Line2 xsi:nil="true"></Line2>
          <Line3 xsi:nil="true"></Line3>
          <Longitude xsi:nil="true"></Longitude>
          <Name xsi:nil="true"></Name>
          <PostalCode xsi:nil="true"></PostalCode>
          <PostOfficeBox xsi:nil="true"></PostOfficeBox>
          <PrimaryContactName xsi:nil="true"></PrimaryContactName>
          <ShippingMethodCode>1</ShippingMethodCode>
          <StateOrProvince xsi:nil="true"></StateOrProvince>
          <Telephone1 xsi:nil="true"></Telephone1>
          <Telephone2 xsi:nil="true"></Telephone2>
          <Telephone3 xsi:nil="true"></Telephone3>
          <TimeZoneRuleVersionNumber xsi:nil="true"></TimeZoneRuleVersionNumber>
          <UPSZone xsi:nil="true"></UPSZone>
          <UTCOffset xsi:nil="true"></UTCOffset>
          <UTCConversionTimeZoneCode xsi:nil="true"></UTCConversionTimeZoneCode>
        </Address>
        <Address>
          <AddressNumber>2</AddressNumber>
          <AddressTypeCode>1</AddressTypeCode>
          <City xsi:nil="true"></City>
          <County xsi:nil="true"></County>
          <Country xsi:nil="true"></Country>
          <Fax xsi:nil="true"></Fax>
          <FreightTermsCode xsi:nil="true"></FreightTermsCode>
          <ImportSequenceNumber xsi:nil="true"></ImportSequenceNumber>
          <Latitude xsi:nil="true"></Latitude>
          <Line1 xsi:nil="true"></Line1>
          <Line2 xsi:nil="true"></Line2>
          <Line3 xsi:nil="true"></Line3>
          <Longitude xsi:nil="true"></Longitude>
          <Name xsi:nil="true"></Name>
          <PostalCode xsi:nil="true"></PostalCode>
          <PostOfficeBox xsi:nil="true"></PostOfficeBox>
          <PrimaryContactName xsi:nil="true"></PrimaryContactName>
          <ShippingMethodCode>1</ShippingMethodCode>
          <StateOrProvince xsi:nil="true"></StateOrProvince>
          <Telephone1 xsi:nil="true"></Telephone1>
          <Telephone2 xsi:nil="true"></Telephone2>
          <Telephone3 xsi:nil="true"></Telephone3>
          <TimeZoneRuleVersionNumber xsi:nil="true"></TimeZoneRuleVersionNumber>
          <UPSZone xsi:nil="true"></UPSZone>
          <UTCOffset xsi:nil="true"></UTCOffset>
          <UTCConversionTimeZoneCode xsi:nil="true"></UTCConversionTimeZoneCode>
        </Address>
      </Addresses>
    </Publisher>
    <RootComponents>
      <RootComponent type="1" schemaName="tkd_application" behavior="0" />
      <RootComponent type="1" schemaName="tkd_approvalresult" behavior="0" />
      <RootComponent type="1" schemaName="tkd_approvalroute" behavior="0" />
      <RootComponent type="1" schemaName="tkd_attachmentfile" behavior="0" />
      <RootComponent type="1" schemaName="tkd_attachmentimage" behavior="0" />
      <RootComponent type="9" schemaName="tkd_applicationstatus" behavior="0" />
      <RootComponent type="9" schemaName="tkd_applicationtype" behavior="0" />
      <RootComponent type="9" schemaName="tkd_appricationresultstatus" behavior="0" />
      <RootComponent type="9" schemaName="tkd_approvalstatus" behavior="0" />
      <RootComponent type="9" schemaName="tkd_piority" behavior="0" />
      <RootComponent type="20" id="{7a37a231-6102-f011-bae3-000d3ace55f2}" behavior="0" />
      <RootComponent type="20" id="{b4d18da2-6102-f011-bae3-000d3ace55f2}" behavior="0" />
      <RootComponent type="70" id="{c76d18d7-6605-f011-bae2-000d3ace55f2}" behavior="0" />
      <RootComponent type="70" id="{cd3b1d1d-2806-f011-bae3-000d3ace55f2}" behavior="0" />
      <RootComponent type="70" id="{f6e283b1-6605-f011-bae2-000d3ace55f2}" behavior="0" />
      <RootComponent type="70" id="{f9e3f3ef-2706-f011-bae3-000d3ace55f2}" behavior="0" />
      <RootComponent type="431" schemaName="tkd_attachmentimage tkd_image" behavior="0" />
      <RootComponent type="432" schemaName="tkd_attachmentimage" behavior="0" />
    </RootComponents>
    <MissingDependencies />
  </SolutionManifest>
</ImportExportXml>