<appaction uniquename="tkd__!c4775d2f6c804a3d96bc8311c350925c!tkd_8ce0fcb3fb86e01e!tkd_approvalroute!1">
  <appmoduleid>
    <uniquename>tkd_8ce0fcb3fb86e01e</uniquename>
  </appmoduleid>
  <buttonlabeltext default="選択した承認経路をコピーして作成">
    <label description="選択した承認経路をコピーして作成" languagecode="1041" />
  </buttonlabeltext>
  <context>1</context>
  <contextentity>
    <logicalname>tkd_approvalroute</logicalname>
  </contextentity>
  <contextvalue>tkd_approvalroute</contextvalue>
  <fonticon>Copy</fonticon>
  <hidden>0</hidden>
  <iscustomizable>1</iscustomizable>
  <isdisabled>0</isdisabled>
  <isgrouptitlehidden>0</isgrouptitlehidden>
  <location>1</location>
  <name>!c4775d2f6c804a3d96bc8311c350925c</name>
  <onclickeventformulacomponentlibraryid>
    <name>tkd_8ce0fcb3fb86e01edefaultcommandlibrary_cb676</name>
  </onclickeventformulacomponentlibraryid>
  <onclickeventformulacomponentname>6d4b26e9d5ab42aba99a71fdaeb005af</onclickeventformulacomponentname>
  <onclickeventformulafunctionname>OnSelect</onclickeventformulafunctionname>
  <onclickeventtype>1</onclickeventtype>
  <origin>0</origin>
  <sequence>1000100010.0000000000</sequence>
  <statecode>0</statecode>
  <statuscode>1</statuscode>
  <type>0</type>
  <visibilityformulacomponentlibraryid>
    <name>tkd_8ce0fcb3fb86e01edefaultcommandlibrary_cb676</name>
  </visibilityformulacomponentlibraryid>
  <visibilityformulacomponentname>6d4b26e9d5ab42aba99a71fdaeb005af</visibilityformulacomponentname>
  <visibilityformulafunctionname>Visible</visibilityformulafunctionname>
  <visibilitytype>1</visibilitytype>
</appaction>