<aiskillconfig uniquename="ais_FormFillFieldOptOut_tkd_eventlog_tkd_loglevel">
  <aiskill>FormFillFieldOptOut</aiskill>
  <attribute>
    <entityid.logicalname>tkd_eventlog</entityid.logicalname>
    <logicalname>tkd_loglevel</logicalname>
  </attribute>
  <description>tkd_eventlog - ログレベル フォーム入力のオプトアウト</description>
  <entity>
    <logicalname>tkd_eventlog</logicalname>
  </entity>
  <iscustomizable>1</iscustomizable>
  <scope>1</scope>
  <statecode>0</statecode>
  <statuscode>1</statuscode>
</aiskillconfig>