{
  "properties": {
    "connectionReferences": {
      "shared_commondataserviceforapps": {
        "api": {
          "name": "shared_commondataserviceforapps"
        },
        "connection": {
          "connectionReferenceLogicalName": "tkd_sharedcommondataserviceforapps_d097f"
        },
        "runtimeSource": "embedded"
      }
    },
    "definition": {
      "$schema": "https://schema.management.azure.com/providers/Microsoft.Logic/schemas/2016-06-01/workflowdefinition.json#",
      "contentVersion": "1.0.0.0",
      "parameters": {
        "$authentication": {
          "defaultValue": {},
          "type": "SecureObject"
        },
        "$connections": {
          "defaultValue": {},
          "type": "Object"
        }
      },
      "triggers": {
        "行が追加、変更、または削除された場合": {
          "type": "OpenApiConnectionWebhook",
          "inputs": {
            "parameters": {
              "subscriptionRequest/message": 3,
              "subscriptionRequest/entityname": "tkd_attachmentimage",
              "subscriptionRequest/scope": 4
            },
            "host": {
              "apiId": "/providers/Microsoft.PowerApps/apis/shared_commondataserviceforapps",
              "operationId": "SubscribeWebhookTrigger",
              "connectionName": "shared_commondataserviceforapps"
            }
          },
          "metadata": {
            "operationMetadataId": "ef18cfbe-8704-4873-8e15-c3fa07aadf49"
          }
        }
      },
      "actions": {
        "ファイル名": {
          "type": "Compose",
          "inputs": "@{triggerOutputs()?['body/tkd_attachmentimageid']}.jpg",
          "runAfter": {},
          "metadata": {
            "operationMetadataId": "8b77521d-2c7b-402b-8076-405a6e7fa587"
          }
        },
        "行の更新": {
          "type": "OpenApiConnection",
          "inputs": {
            "parameters": {
              "entityName": "tkd_attachmentimages",
              "recordId": "@triggerOutputs()?['body/tkd_attachmentimageid']",
              "item/tkd_filename": "@outputs('ファイル名')"
            },
            "host": {
              "apiId": "/providers/Microsoft.PowerApps/apis/shared_commondataserviceforapps",
              "operationId": "UpdateOnlyRecord",
              "connectionName": "shared_commondataserviceforapps"
            }
          },
          "runAfter": {
            "ファイル名": [
              "SUCCEEDED"
            ]
          }
        }
      }
    },
    "templateName": null
  },
  "schemaVersion": "1.0.0.0"
}