{
  "properties": {
    "connectionReferences": {
      "shared_commondataserviceforapps": {
        "api": {
          "name": "shared_commondataserviceforapps"
        },
        "connection": {
          "connectionReferenceLogicalName": "tkd_sharedcommondataserviceforapps_d097f"
        },
        "runtimeSource": "embedded"
      }
    },
    "definition": {
      "$schema": "https://schema.management.azure.com/providers/Microsoft.Logic/schemas/2016-06-01/workflowdefinition.json#",
      "contentVersion": "1.0.0.0",
      "parameters": {
        "$authentication": {
          "defaultValue": {},
          "type": "SecureObject"
        },
        "$connections": {
          "defaultValue": {},
          "type": "Object"
        }
      },
      "triggers": {
        "manual": {
          "type": "Request",
          "kind": "Button",
          "inputs": {
            "schema": {
              "type": "object",
              "properties": {
                "boolean": {
                  "description": "処理を実行する場合は [はい] を選択してください",
                  "title": "シード値設定",
                  "type": "boolean",
                  "x-ms-content-hint": "BOOLEAN",
                  "x-ms-dynamically-added": true
                },
                "boolean_1": {
                  "description": "処理を実行する場合は [はい] を選択してください",
                  "title": "システムアカウントGUID設定",
                  "type": "boolean",
                  "x-ms-content-hint": "BOOLEAN",
                  "x-ms-dynamically-added": true
                },
                "boolean_2": {
                  "description": "処理を実行する場合は [はい] を選択してください",
                  "title": "環境URL設定",
                  "type": "boolean",
                  "x-ms-content-hint": "BOOLEAN",
                  "x-ms-dynamically-added": true
                },
                "boolean_3": {
                  "description": "処理を実行する場合は [はい] を選択してください",
                  "title": "承認アプリGUID設定",
                  "type": "boolean",
                  "x-ms-content-hint": "BOOLEAN",
                  "x-ms-dynamically-added": true
                },
                "boolean_4": {
                  "description": "処理を実行する場合は [はい] を選択してください",
                  "title": "申請アプリGUID設定",
                  "type": "boolean",
                  "x-ms-content-hint": "BOOLEAN",
                  "x-ms-dynamically-added": true
                }
              },
              "required": [
                "boolean",
                "boolean_1",
                "boolean_2",
                "boolean_3",
                "boolean_4"
              ]
            }
          },
          "metadata": {
            "operationMetadataId": "dcff0cb5-79a5-4182-b4c3-8f5ca27708c7"
          }
        }
      },
      "actions": {
        "シード値の設定": {
          "type": "Scope",
          "actions": {
            "条件": {
              "type": "If",
              "expression": {
                "and": [
                  {
                    "equals": [
                      "@triggerBody()?['boolean']",
                      true
                    ]
                  }
                ]
              },
              "actions": {
                "子フローを実行": {
                  "type": "Workflow",
                  "inputs": {
                    "host": {
                      "workflowReferenceName": "99c22762-750b-f011-bae2-000d3ace55f2"
                    },
                    "body": {
                      "email": "@outputs('実行ユーザーメールアドレス')"
                    }
                  },
                  "metadata": {
                    "operationMetadataId": "1630cb07-d58f-404d-adbd-3f6eea9eff13"
                  }
                },
                "ログを出力する（子フロー実行）": {
                  "type": "OpenApiConnection",
                  "inputs": {
                    "parameters": {
                      "entityName": "tkd_eventlogs",
                      "item/tkd_loglevel": 2,
                      "item/tkd_eventid": "@workflow()?['run']?['id']",
                      "item/tkd_logcomponent": "@workflow()?['tags']?['flowDisplayName']",
                      "item/tkd_userinformation": "@outputs('実行ユーザーメールアドレス')",
                      "item/tkd_logmessage": "子フロー「初期設定_子_シード値設定_イベントログ_ログID」を開始しました。",
                      "item/tkd_logcontent": "子フローを実行して、シード値を設定する",
                      "item/tkd_logresult": "@{body('子フローを実行')?['issuccess']} @{body('子フローを実行')?['message']}"
                    },
                    "host": {
                      "apiId": "/providers/Microsoft.PowerApps/apis/shared_commondataserviceforapps",
                      "operationId": "CreateRecord",
                      "connectionName": "shared_commondataserviceforapps"
                    }
                  },
                  "runAfter": {
                    "子フローを実行": [
                      "SUCCEEDED"
                    ]
                  }
                },
                "子フローの実行が正常に終了したか": {
                  "type": "If",
                  "expression": {
                    "and": [
                      {
                        "equals": [
                          "@body('子フローを実行')?['issuccess']",
                          true
                        ]
                      }
                    ]
                  },
                  "actions": {
                    "子フローの実行結果メッセージ": {
                      "type": "Compose",
                      "inputs": "@body('子フローを実行')?['message']",
                      "metadata": {
                        "operationMetadataId": "beb42c2e-af67-46ca-bcf8-7aeab9ac2e78"
                      }
                    }
                  },
                  "else": {
                    "actions": {
                      "終了": {
                        "type": "Terminate",
                        "inputs": {
                          "runStatus": "Failed",
                          "runError": {
                            "message": "@body('子フローを実行')?['message']"
                          }
                        },
                        "metadata": {
                          "operationMetadataId": "b2d49bc7-2005-46fc-bc3a-1d1cd59cc102"
                        }
                      }
                    }
                  },
                  "runAfter": {
                    "ログを出力する（子フロー実行）": [
                      "SUCCEEDED"
                    ]
                  },
                  "metadata": {
                    "operationMetadataId": "d9965743-47fe-41d5-85ba-59485e722bbb"
                  }
                }
              },
              "else": {
                "actions": {}
              }
            }
          },
          "runAfter": {
            "実行ユーザー名": [
              "Succeeded"
            ]
          }
        },
        "システムアカウントGUIDを環境変数に設定": {
          "type": "Scope",
          "actions": {
            "条件_1": {
              "type": "If",
              "expression": {
                "and": [
                  {
                    "equals": [
                      "@triggerBody()?['boolean_1']",
                      true
                    ]
                  }
                ]
              },
              "actions": {
                "子フローを実行_1": {
                  "type": "Workflow",
                  "inputs": {
                    "host": {
                      "workflowReferenceName": "f440479a-af03-f011-bae3-000d3ace55f2"
                    },
                    "body": {
                      "email": "@outputs('実行ユーザーメールアドレス')"
                    }
                  },
                  "metadata": {
                    "operationMetadataId": "1630cb07-d58f-404d-adbd-3f6eea9eff13"
                  }
                },
                "ログを出力する（子フロー実行）_1": {
                  "type": "OpenApiConnection",
                  "inputs": {
                    "parameters": {
                      "entityName": "tkd_eventlogs",
                      "item/tkd_loglevel": 2,
                      "item/tkd_eventid": "@workflow()?['run']?['id']",
                      "item/tkd_logcomponent": "@workflow()?['tags']?['flowDisplayName']",
                      "item/tkd_userinformation": "@outputs('実行ユーザーメールアドレス')",
                      "item/tkd_logmessage": "子フロー「初期設定_子_環境変数設定_システムアカウントGUID」を開始しました。",
                      "item/tkd_logcontent": "子フローを実行して、自分のGUIDをシステムアカウントのGUIDとして環境変数に設定する",
                      "item/tkd_logresult": "@{body('子フローを実行_1')?['issuccess']} @{body('子フローを実行_1')?['message']}"
                    },
                    "host": {
                      "apiId": "/providers/Microsoft.PowerApps/apis/shared_commondataserviceforapps",
                      "operationId": "CreateRecord",
                      "connectionName": "shared_commondataserviceforapps"
                    }
                  },
                  "runAfter": {
                    "子フローを実行_1": [
                      "SUCCEEDED"
                    ]
                  }
                },
                "子フローの実行が正常に終了したか_1": {
                  "type": "If",
                  "expression": {
                    "and": [
                      {
                        "equals": [
                          "@body('子フローを実行_1')?['issuccess']",
                          true
                        ]
                      }
                    ]
                  },
                  "actions": {
                    "子フローの実行結果メッセージ_1": {
                      "type": "Compose",
                      "inputs": "@body('子フローを実行_1')?['message']",
                      "metadata": {
                        "operationMetadataId": "beb42c2e-af67-46ca-bcf8-7aeab9ac2e78"
                      }
                    }
                  },
                  "else": {
                    "actions": {
                      "終了_1": {
                        "type": "Terminate",
                        "inputs": {
                          "runStatus": "Failed",
                          "runError": {
                            "message": "@body('子フローを実行_1')?['message']"
                          }
                        },
                        "metadata": {
                          "operationMetadataId": "b2d49bc7-2005-46fc-bc3a-1d1cd59cc102"
                        }
                      }
                    }
                  },
                  "runAfter": {
                    "ログを出力する（子フロー実行）_1": [
                      "SUCCEEDED"
                    ]
                  },
                  "metadata": {
                    "operationMetadataId": "d9965743-47fe-41d5-85ba-59485e722bbb"
                  }
                }
              },
              "else": {
                "actions": {}
              }
            }
          },
          "runAfter": {
            "シード値の設定": [
              "Succeeded"
            ]
          }
        },
        "環境URLを環境変数に設定": {
          "type": "Scope",
          "actions": {
            "条件_2": {
              "type": "If",
              "expression": {
                "and": [
                  {
                    "equals": [
                      "@triggerBody()?['boolean_2']",
                      true
                    ]
                  }
                ]
              },
              "actions": {
                "子フローを実行_2": {
                  "type": "Workflow",
                  "inputs": {
                    "host": {
                      "workflowReferenceName": "8d1f5536-6c09-f011-bae3-000d3ace55f2"
                    },
                    "body": {
                      "email": "@outputs('実行ユーザーメールアドレス')"
                    }
                  },
                  "metadata": {
                    "operationMetadataId": "1630cb07-d58f-404d-adbd-3f6eea9eff13"
                  }
                },
                "ログを出力する（子フロー実行）_2": {
                  "type": "OpenApiConnection",
                  "inputs": {
                    "parameters": {
                      "entityName": "tkd_eventlogs",
                      "item/tkd_loglevel": 2,
                      "item/tkd_eventid": "@workflow()?['run']?['id']",
                      "item/tkd_logcomponent": "@workflow()?['tags']?['flowDisplayName']",
                      "item/tkd_userinformation": "@outputs('実行ユーザーメールアドレス')",
                      "item/tkd_logmessage": "子フロー「初期設定_子_環境変数設定_環境URL」を開始しました。",
                      "item/tkd_logcontent": "子フローを実行して、環境URLを環境変数に設定する",
                      "item/tkd_logresult": "@{body('子フローを実行_2')?['issuccess']} @{body('子フローを実行_2')?['message']}"
                    },
                    "host": {
                      "apiId": "/providers/Microsoft.PowerApps/apis/shared_commondataserviceforapps",
                      "operationId": "CreateRecord",
                      "connectionName": "shared_commondataserviceforapps"
                    }
                  },
                  "runAfter": {
                    "子フローを実行_2": [
                      "SUCCEEDED"
                    ]
                  }
                },
                "子フローの実行が正常に終了したか_2": {
                  "type": "If",
                  "expression": {
                    "and": [
                      {
                        "equals": [
                          "@body('子フローを実行_2')?['issuccess']",
                          true
                        ]
                      }
                    ]
                  },
                  "actions": {
                    "子フローの実行結果メッセージ_2": {
                      "type": "Compose",
                      "inputs": "@body('子フローを実行_2')?['message']",
                      "metadata": {
                        "operationMetadataId": "beb42c2e-af67-46ca-bcf8-7aeab9ac2e78"
                      }
                    }
                  },
                  "else": {
                    "actions": {
                      "終了_2": {
                        "type": "Terminate",
                        "inputs": {
                          "runStatus": "Failed",
                          "runError": {
                            "message": "@body('子フローを実行_2')?['message']"
                          }
                        },
                        "metadata": {
                          "operationMetadataId": "b2d49bc7-2005-46fc-bc3a-1d1cd59cc102"
                        }
                      }
                    }
                  },
                  "runAfter": {
                    "ログを出力する（子フロー実行）_2": [
                      "SUCCEEDED"
                    ]
                  },
                  "metadata": {
                    "operationMetadataId": "d9965743-47fe-41d5-85ba-59485e722bbb"
                  }
                }
              },
              "else": {
                "actions": {}
              }
            }
          },
          "runAfter": {
            "システムアカウントGUIDを環境変数に設定": [
              "Succeeded"
            ]
          }
        },
        "承認アプリのGUIDを環境変数に設定": {
          "type": "Scope",
          "actions": {
            "条件_3": {
              "type": "If",
              "expression": {
                "and": [
                  {
                    "equals": [
                      "@triggerBody()?['boolean_3']",
                      true
                    ]
                  }
                ]
              },
              "actions": {
                "子フローを実行_3": {
                  "type": "Workflow",
                  "inputs": {
                    "host": {
                      "workflowReferenceName": "207a0b0f-e709-f011-bae3-000d3ace55f2"
                    },
                    "body": {
                      "email": "@outputs('実行ユーザーメールアドレス')"
                    }
                  },
                  "metadata": {
                    "operationMetadataId": "1630cb07-d58f-404d-adbd-3f6eea9eff13"
                  }
                },
                "ログを出力する（子フロー実行）_3": {
                  "type": "OpenApiConnection",
                  "inputs": {
                    "parameters": {
                      "entityName": "tkd_eventlogs",
                      "item/tkd_loglevel": 2,
                      "item/tkd_eventid": "@workflow()?['run']?['id']",
                      "item/tkd_logcomponent": "@workflow()?['tags']?['flowDisplayName']",
                      "item/tkd_userinformation": "@outputs('実行ユーザーメールアドレス')",
                      "item/tkd_logmessage": "子フロー「初期設定_子_環境変数設定_承認アプリGUID」を開始しました。",
                      "item/tkd_logcontent": "子フローを実行して、モデル駆動型の承認アプリのGUIDを環境変数に設定する",
                      "item/tkd_logresult": "@{body('子フローを実行_3')?['issuccess']} @{body('子フローを実行_3')?['message']}"
                    },
                    "host": {
                      "apiId": "/providers/Microsoft.PowerApps/apis/shared_commondataserviceforapps",
                      "operationId": "CreateRecord",
                      "connectionName": "shared_commondataserviceforapps"
                    }
                  },
                  "runAfter": {
                    "子フローを実行_3": [
                      "SUCCEEDED"
                    ]
                  }
                },
                "子フローの実行が正常に終了したか_3": {
                  "type": "If",
                  "expression": {
                    "and": [
                      {
                        "equals": [
                          "@body('子フローを実行_3')?['issuccess']",
                          true
                        ]
                      }
                    ]
                  },
                  "actions": {
                    "子フローの実行結果メッセージ_3": {
                      "type": "Compose",
                      "inputs": "@body('子フローを実行_3')?['message']",
                      "metadata": {
                        "operationMetadataId": "beb42c2e-af67-46ca-bcf8-7aeab9ac2e78"
                      }
                    }
                  },
                  "else": {
                    "actions": {
                      "終了_3": {
                        "type": "Terminate",
                        "inputs": {
                          "runStatus": "Failed",
                          "runError": {
                            "message": "@body('子フローを実行_3')?['message']"
                          }
                        },
                        "metadata": {
                          "operationMetadataId": "b2d49bc7-2005-46fc-bc3a-1d1cd59cc102"
                        }
                      }
                    }
                  },
                  "runAfter": {
                    "ログを出力する（子フロー実行）_3": [
                      "SUCCEEDED"
                    ]
                  },
                  "metadata": {
                    "operationMetadataId": "d9965743-47fe-41d5-85ba-59485e722bbb"
                  }
                }
              },
              "else": {
                "actions": {}
              }
            }
          },
          "runAfter": {
            "環境URLを環境変数に設定": [
              "Succeeded"
            ]
          }
        },
        "申請アプリのGUIDを環境変数に設定": {
          "type": "Scope",
          "actions": {
            "条件_4": {
              "type": "If",
              "expression": {
                "and": [
                  {
                    "equals": [
                      "@triggerBody()?['boolean_4']",
                      true
                    ]
                  }
                ]
              },
              "actions": {
                "子フローを実行_4": {
                  "type": "Workflow",
                  "inputs": {
                    "host": {
                      "workflowReferenceName": "d60cbc84-6709-f011-bae3-000d3ace55f2"
                    },
                    "body": {
                      "email": "@outputs('実行ユーザーメールアドレス')"
                    }
                  },
                  "metadata": {
                    "operationMetadataId": "1630cb07-d58f-404d-adbd-3f6eea9eff13"
                  }
                },
                "ログを出力する（子フロー実行）_4": {
                  "type": "OpenApiConnection",
                  "inputs": {
                    "parameters": {
                      "entityName": "tkd_eventlogs",
                      "item/tkd_loglevel": 2,
                      "item/tkd_eventid": "@workflow()?['run']?['id']",
                      "item/tkd_logcomponent": "@workflow()?['tags']?['flowDisplayName']",
                      "item/tkd_userinformation": "@outputs('実行ユーザーメールアドレス')",
                      "item/tkd_logmessage": "子フロー「初期設定_子_環境変数設定_申請アプリGUID」を開始しました。",
                      "item/tkd_logcontent": "子フローを実行して、モデル駆動型の申請アプリのGUIDを環境変数に設定する",
                      "item/tkd_logresult": "@{body('子フローを実行_4')?['issuccess']} @{body('子フローを実行_4')?['message']}"
                    },
                    "host": {
                      "apiId": "/providers/Microsoft.PowerApps/apis/shared_commondataserviceforapps",
                      "operationId": "CreateRecord",
                      "connectionName": "shared_commondataserviceforapps"
                    }
                  },
                  "runAfter": {
                    "子フローを実行_4": [
                      "SUCCEEDED"
                    ]
                  }
                },
                "子フローの実行が正常に終了したか_4": {
                  "type": "If",
                  "expression": {
                    "and": [
                      {
                        "equals": [
                          "@body('子フローを実行_4')?['issuccess']",
                          true
                        ]
                      }
                    ]
                  },
                  "actions": {
                    "子フローの実行結果メッセージ_4": {
                      "type": "Compose",
                      "inputs": "@body('子フローを実行_4')?['message']",
                      "metadata": {
                        "operationMetadataId": "beb42c2e-af67-46ca-bcf8-7aeab9ac2e78"
                      }
                    }
                  },
                  "else": {
                    "actions": {
                      "終了_4": {
                        "type": "Terminate",
                        "inputs": {
                          "runStatus": "Failed",
                          "runError": {
                            "message": "@body('子フローを実行_4')?['message']"
                          }
                        },
                        "metadata": {
                          "operationMetadataId": "b2d49bc7-2005-46fc-bc3a-1d1cd59cc102"
                        }
                      }
                    }
                  },
                  "runAfter": {
                    "ログを出力する（子フロー実行）_4": [
                      "SUCCEEDED"
                    ]
                  },
                  "metadata": {
                    "operationMetadataId": "d9965743-47fe-41d5-85ba-59485e722bbb"
                  }
                }
              },
              "else": {
                "actions": {}
              }
            }
          },
          "runAfter": {
            "承認アプリのGUIDを環境変数に設定": [
              "Succeeded"
            ]
          }
        },
        "ログを出力する（フロー終了）": {
          "type": "OpenApiConnection",
          "inputs": {
            "parameters": {
              "entityName": "tkd_eventlogs",
              "item/tkd_loglevel": 2,
              "item/tkd_eventid": "@workflow()?['run']?['id']",
              "item/tkd_logcomponent": "@workflow()?['tags']?['flowDisplayName']",
              "item/tkd_userinformation": "@outputs('実行ユーザーメールアドレス')",
              "item/tkd_logmessage": "フローを終了します。",
              "item/tkd_logcontent": "フロー終了"
            },
            "host": {
              "apiId": "/providers/Microsoft.PowerApps/apis/shared_commondataserviceforapps",
              "operationId": "CreateRecord",
              "connectionName": "shared_commondataserviceforapps"
            }
          },
          "runAfter": {
            "申請アプリのGUIDを環境変数に設定": [
              "Succeeded"
            ]
          }
        },
        "ログを出力する（フロー開始）": {
          "type": "OpenApiConnection",
          "inputs": {
            "parameters": {
              "entityName": "tkd_eventlogs",
              "item/tkd_loglevel": 2,
              "item/tkd_eventid": "@workflow()?['run']?['id']",
              "item/tkd_logcomponent": "@workflow()?['tags']?['flowDisplayName']",
              "item/tkd_userinformation": "@outputs('実行ユーザーメールアドレス')",
              "item/tkd_logmessage": "フロー「@{workflow()?['tags']?['flowDisplayName']}」を開始しました。",
              "item/tkd_logcontent": "フローを手動でトリガーする",
              "item/tkd_logresult": "@workflow()"
            },
            "host": {
              "apiId": "/providers/Microsoft.PowerApps/apis/shared_commondataserviceforapps",
              "operationId": "CreateRecord",
              "connectionName": "shared_commondataserviceforapps"
            }
          },
          "runAfter": {
            "実行ユーザーメールアドレス": [
              "Succeeded"
            ]
          }
        },
        "実行ユーザーメールアドレス": {
          "type": "Compose",
          "description": "triggerOutputs()?['headers']?['x-ms-user-email']",
          "inputs": "@triggerOutputs()?['headers']?['x-ms-user-email']",
          "runAfter": {}
        },
        "実行ユーザー名": {
          "type": "Compose",
          "description": "base64ToString(coalesce(triggerOutputs()?['headers']?['x-ms-user-name-encoded'], ''))",
          "inputs": "@base64ToString(coalesce(triggerOutputs()?['headers']?['x-ms-user-name-encoded'], ''))",
          "runAfter": {
            "ログを出力する（フロー開始）": [
              "Succeeded"
            ]
          }
        }
      }
    },
    "templateName": null
  },
  "schemaVersion": "1.0.0.0"
}