{
  "properties": {
    "connectionReferences": {
      "shared_commondataserviceforapps": {
        "api": {
          "name": "shared_commondataserviceforapps"
        },
        "connection": {
          "connectionReferenceLogicalName": "tkd_sharedcommondataserviceforapps_d097f"
        },
        "runtimeSource": "embedded"
      }
    },
    "definition": {
      "$schema": "https://schema.management.azure.com/providers/Microsoft.Logic/schemas/2016-06-01/workflowdefinition.json#",
      "contentVersion": "1.0.0.0",
      "parameters": {
        "$authentication": {
          "defaultValue": {},
          "type": "SecureObject"
        },
        "$connections": {
          "defaultValue": {},
          "type": "Object"
        },
        "システムアカウントGUID (tkd_SystemAccountGUID)": {
          "defaultValue": "c405ea7c-2100-f011-bae4-002248e8e529",
          "type": "String",
          "metadata": {
            "schemaName": "tkd_SystemAccountGUID",
            "description": "システムアカウントを示すユーザーテーブルレコードのGUID"
          }
        }
      },
      "triggers": {
        "承認ステータスが更新された行が追加、変更された場合": {
          "type": "OpenApiConnectionWebhook",
          "inputs": {
            "parameters": {
              "subscriptionRequest/message": 3,
              "subscriptionRequest/entityname": "tkd_approvalresult",
              "subscriptionRequest/scope": 4,
              "subscriptionRequest/filteringattributes": "tkd_approvalstatus",
              "subscriptionRequest/filterexpression": "tkd_approvalstatus ge 20"
            },
            "host": {
              "apiId": "/providers/Microsoft.PowerApps/apis/shared_commondataserviceforapps",
              "operationId": "SubscribeWebhookTrigger",
              "connectionName": "shared_commondataserviceforapps"
            }
          }
        }
      },
      "actions": {
        "承認者から書き込み権限を取り上げる": {
          "type": "Scope",
          "actions": {
            "Target指定用の承認結果レコードID": {
              "type": "Compose",
              "description": "tkd_approvalresults(@{triggerOutputs()?['body/tkd_approvalresultid']})",
              "inputs": "tkd_approvalresults(@{triggerOutputs()?['body/tkd_approvalresultid']})",
              "metadata": {
                "operationMetadataId": "ad146661-c8ef-4fbd-99f3-ab93d64eee8d"
              }
            },
            "システムアカウントのGUID": {
              "type": "Compose",
              "inputs": "@parameters('システムアカウントGUID (tkd_SystemAccountGUID)')",
              "runAfter": {
                "Target指定用の承認結果レコードID": [
                  "Succeeded"
                ]
              }
            },
            "システムアカウントGUIDが設定済か": {
              "type": "If",
              "expression": {
                "and": [
                  {
                    "not": {
                      "equals": [
                        "@outputs('システムアカウントのGUID')",
                        ""
                      ]
                    }
                  }
                ]
              },
              "actions": {
                "承認者にレコードを共有する": {
                  "type": "OpenApiConnection",
                  "inputs": {
                    "parameters": {
                      "actionName": "ModifyAccess",
                      "item/Target": "@outputs('Target指定用の承認結果レコードID')",
                      "item/PrincipalAccess": {
                        "AccessMask": "ReadAccess",
                        "Principal": {
                          "@{string('@odata.type')}": "Microsoft.Dynamics.CRM.systemuser",
                          "systemuserid": "@{triggerOutputs()?['body/_tkd_approver_value']}"
                        }
                      }
                    },
                    "host": {
                      "apiId": "/providers/Microsoft.PowerApps/apis/shared_commondataserviceforapps",
                      "operationId": "PerformUnboundAction",
                      "connectionName": "shared_commondataserviceforapps"
                    }
                  },
                  "runAfter": {
                    "所有者がシステムアカウント以外ならば": [
                      "Succeeded"
                    ]
                  },
                  "metadata": {
                    "operationMetadataId": "6d021402-7ffc-4de8-b1ae-6a740b1f3933"
                  }
                },
                "所有者がシステムアカウント以外ならば": {
                  "type": "If",
                  "expression": {
                    "and": [
                      {
                        "not": {
                          "equals": [
                            "@triggerOutputs()?['body/_ownerid_value']",
                            "@parameters('システムアカウントGUID (tkd_SystemAccountGUID)')"
                          ]
                        }
                      }
                    ]
                  },
                  "actions": {
                    "所有権を刈り取る": {
                      "type": "OpenApiConnection",
                      "inputs": {
                        "parameters": {
                          "entityName": "tkd_approvalresults",
                          "recordId": "@triggerOutputs()?['body/tkd_approvalresultid']",
                          "item/ownerid@odata.bind": "/systemusers/@{outputs('システムアカウントのGUID')}"
                        },
                        "host": {
                          "apiId": "/providers/Microsoft.PowerApps/apis/shared_commondataserviceforapps",
                          "operationId": "UpdateOnlyRecord",
                          "connectionName": "shared_commondataserviceforapps"
                        }
                      }
                    }
                  },
                  "else": {
                    "actions": {}
                  }
                }
              },
              "else": {
                "actions": {
                  "Respond_to_a_Power_App_or_flow_5": {
                    "type": "Response",
                    "kind": "PowerApp",
                    "inputs": {
                      "schema": {
                        "type": "object",
                        "properties": {
                          "issuccess": {
                            "title": "IsSuccess",
                            "x-ms-dynamically-added": true,
                            "type": "boolean"
                          },
                          "approvalresultguid": {
                            "title": "ApprovalResultGUID",
                            "x-ms-dynamically-added": true,
                            "type": "string"
                          },
                          "message": {
                            "title": "Message",
                            "x-ms-dynamically-added": true,
                            "type": "string"
                          }
                        },
                        "additionalProperties": {}
                      },
                      "statusCode": 200,
                      "body": {
                        "issuccess": false,
                        "approvalresultguid": "@{outputs('承認結果レコードのGUID')}",
                        "message": "システムアカウントのGUIDが設定されていないため、承認処理をスキップしました。"
                      }
                    },
                    "metadata": {
                      "operationMetadataId": "efbf8341-054d-465e-971f-552d5cb4b76e"
                    }
                  },
                  "終了_3": {
                    "type": "Terminate",
                    "inputs": {
                      "runStatus": "Failed"
                    },
                    "runAfter": {
                      "Respond_to_a_Power_App_or_flow_5": [
                        "Succeeded"
                      ]
                    },
                    "metadata": {
                      "operationMetadataId": "6bdbb280-d54b-4f8e-8476-93926e959d00"
                    }
                  }
                }
              },
              "runAfter": {
                "システムアカウントのGUID": [
                  "Succeeded"
                ]
              },
              "metadata": {
                "operationMetadataId": "034a5121-fbf6-4aba-ac32-63ec1ffba8aa"
              }
            }
          },
          "runAfter": {
            "承認順が設定済か": [
              "Succeeded"
            ]
          }
        },
        "申請者に読み取り権限を与える": {
          "type": "Scope",
          "actions": {
            "申請レコードのGUID": {
              "type": "Compose",
              "inputs": "@triggerOutputs()?['body/_tkd_application_value']",
              "metadata": {
                "operationMetadataId": "68d392dd-5988-41df-92f9-22ac2823ddce"
              }
            },
            "申請レコードのGUIDが取得できたら": {
              "type": "If",
              "expression": {
                "not": {
                  "equals": [
                    "@outputs('申請レコードのGUID')",
                    ""
                  ]
                }
              },
              "actions": {
                "申請レコードを取得する": {
                  "type": "OpenApiConnection",
                  "inputs": {
                    "parameters": {
                      "entityName": "tkd_applications",
                      "recordId": "@outputs('申請レコードのGUID')",
                      "$expand": "tkd_ApprovalResult_tkd_Application_tkd_Application"
                    },
                    "host": {
                      "apiId": "/providers/Microsoft.PowerApps/apis/shared_commondataserviceforapps",
                      "operationId": "GetItem",
                      "connectionName": "shared_commondataserviceforapps"
                    }
                  },
                  "metadata": {
                    "operationMetadataId": "d003d48b-b98b-45d6-a5a4-86ea76a9a0f3"
                  }
                }
              },
              "else": {
                "actions": {
                  "Respond_to_a_Power_App_or_flow": {
                    "type": "Response",
                    "kind": "PowerApp",
                    "inputs": {
                      "schema": {
                        "type": "object",
                        "properties": {
                          "issuccess": {
                            "title": "IsSuccess",
                            "x-ms-dynamically-added": true,
                            "type": "boolean"
                          },
                          "approvalresultguid": {
                            "title": "ApprovalResultGUID",
                            "x-ms-dynamically-added": true,
                            "type": "string"
                          },
                          "message": {
                            "title": "Message",
                            "x-ms-dynamically-added": true,
                            "type": "string"
                          }
                        },
                        "additionalProperties": {}
                      },
                      "statusCode": 200,
                      "body": {
                        "issuccess": false,
                        "approvalresultguid": "@{outputs('承認結果レコードのGUID')}",
                        "message": "申請レコードのGUIDが設定されていないため、承認処理をスキップしました。"
                      }
                    },
                    "metadata": {
                      "operationMetadataId": "efbf8341-054d-465e-971f-552d5cb4b76e"
                    }
                  },
                  "終了": {
                    "type": "Terminate",
                    "inputs": {
                      "runStatus": "Failed"
                    },
                    "runAfter": {
                      "Respond_to_a_Power_App_or_flow": [
                        "Succeeded"
                      ]
                    },
                    "metadata": {
                      "operationMetadataId": "6bdbb280-d54b-4f8e-8476-93926e959d00"
                    }
                  }
                }
              },
              "runAfter": {
                "申請レコードのGUID": [
                  "Succeeded"
                ]
              },
              "metadata": {
                "operationMetadataId": "034a5121-fbf6-4aba-ac32-63ec1ffba8aa"
              }
            },
            "申請者のGUID": {
              "type": "Compose",
              "inputs": "@outputs('申請レコードを取得する')?['body/_tkd_appliedby_value']",
              "runAfter": {
                "申請レコードのGUIDが取得できたら": [
                  "Succeeded"
                ]
              },
              "metadata": {
                "operationMetadataId": "ffd03517-7fce-4c95-bdae-2ac0e92d753f"
              }
            },
            "申請者のGUIDが取得できたら": {
              "type": "If",
              "expression": {
                "and": [
                  {
                    "not": {
                      "equals": [
                        "@outputs('申請者のGUID')",
                        ""
                      ]
                    }
                  }
                ]
              },
              "actions": {
                "申請者を取得する": {
                  "type": "OpenApiConnection",
                  "inputs": {
                    "parameters": {
                      "entityName": "systemusers",
                      "recordId": "@outputs('申請者のGUID')"
                    },
                    "host": {
                      "apiId": "/providers/Microsoft.PowerApps/apis/shared_commondataserviceforapps",
                      "operationId": "GetItem",
                      "connectionName": "shared_commondataserviceforapps"
                    }
                  },
                  "metadata": {
                    "operationMetadataId": "4822a7b5-65ec-45c5-8a31-eec072b46856"
                  }
                },
                "申請者に承認結果レコードを共有する": {
                  "type": "OpenApiConnection",
                  "inputs": {
                    "parameters": {
                      "actionName": "GrantAccess",
                      "item/Target": "@outputs('Target指定用の承認結果レコードID')",
                      "item/PrincipalAccess": {
                        "AccessMask": "ReadAccess",
                        "Principal": {
                          "@{string('@odata.type')}": "Microsoft.Dynamics.CRM.systemuser",
                          "systemuserid": "@{outputs('申請者のGUID')}"
                        }
                      }
                    },
                    "host": {
                      "apiId": "/providers/Microsoft.PowerApps/apis/shared_commondataserviceforapps",
                      "operationId": "PerformUnboundAction",
                      "connectionName": "shared_commondataserviceforapps"
                    }
                  },
                  "runAfter": {
                    "申請者を取得する": [
                      "Succeeded"
                    ]
                  },
                  "metadata": {
                    "operationMetadataId": "6d021402-7ffc-4de8-b1ae-6a740b1f3933"
                  }
                }
              },
              "else": {
                "actions": {
                  "Respond_to_a_Power_App_or_flow_1": {
                    "type": "Response",
                    "kind": "PowerApp",
                    "inputs": {
                      "schema": {
                        "type": "object",
                        "properties": {
                          "issuccess": {
                            "title": "IsSuccess",
                            "x-ms-dynamically-added": true,
                            "type": "boolean"
                          },
                          "approvalresultguid": {
                            "title": "ApprovalResultGUID",
                            "x-ms-dynamically-added": true,
                            "type": "string"
                          },
                          "message": {
                            "title": "Message",
                            "x-ms-dynamically-added": true,
                            "type": "string"
                          }
                        },
                        "additionalProperties": {}
                      },
                      "statusCode": 200,
                      "body": {
                        "issuccess": false,
                        "approvalresultguid": "@{outputs('承認結果レコードのGUID')}",
                        "message": "申請者のGUIDが設定されていないため、レコードの共有処理をスキップしました。"
                      }
                    },
                    "metadata": {
                      "operationMetadataId": "efbf8341-054d-465e-971f-552d5cb4b76e"
                    }
                  },
                  "終了_1": {
                    "type": "Terminate",
                    "inputs": {
                      "runStatus": "Failed"
                    },
                    "runAfter": {
                      "Respond_to_a_Power_App_or_flow_1": [
                        "Succeeded"
                      ]
                    },
                    "metadata": {
                      "operationMetadataId": "6bdbb280-d54b-4f8e-8476-93926e959d00"
                    }
                  }
                }
              },
              "runAfter": {
                "申請者のGUID": [
                  "Succeeded"
                ]
              },
              "metadata": {
                "operationMetadataId": "187f80ea-eefc-4273-ab26-dfdd3e73f5d9"
              }
            }
          },
          "runAfter": {
            "承認者から書き込み権限を取り上げる": [
              "Succeeded"
            ]
          }
        },
        "承認ステータス別に次へ進める": {
          "type": "Switch",
          "expression": "@triggerOutputs()?['body/tkd_approvalstatus']",
          "default": {
            "actions": {
              "Respond_to_a_Power_App_or_flow_9": {
                "type": "Response",
                "kind": "PowerApp",
                "inputs": {
                  "schema": {
                    "type": "object",
                    "properties": {
                      "issuccess": {
                        "title": "IsSuccess",
                        "x-ms-dynamically-added": true,
                        "type": "boolean"
                      },
                      "approvalresultguid": {
                        "title": "ApprovalResultGUID",
                        "x-ms-dynamically-added": true,
                        "type": "string"
                      },
                      "message": {
                        "title": "Message",
                        "x-ms-dynamically-added": true,
                        "type": "string"
                      }
                    },
                    "additionalProperties": {}
                  },
                  "statusCode": 200,
                  "body": {
                    "issuccess": false,
                    "approvalresultguid": "@{outputs('承認結果レコードのGUID')}",
                    "message": "適切な承認ステータスが設定されていないため、承認処理をスキップしました。"
                  }
                },
                "metadata": {
                  "operationMetadataId": "efbf8341-054d-465e-971f-552d5cb4b76e"
                }
              },
              "終了_4": {
                "type": "Terminate",
                "inputs": {
                  "runStatus": "Failed"
                },
                "runAfter": {
                  "Respond_to_a_Power_App_or_flow_9": [
                    "Succeeded"
                  ]
                },
                "metadata": {
                  "operationMetadataId": "6bdbb280-d54b-4f8e-8476-93926e959d00"
                }
              }
            }
          },
          "cases": {
            "中止_20": {
              "actions": {},
              "case": 20
            },
            "差し戻し_30": {
              "actions": {},
              "case": 30
            },
            "却下_40": {
              "actions": {},
              "case": 40
            },
            "承認_90": {
              "actions": {
                "次の承認者に次の承認結果レコードを共有する": {
                  "type": "Scope",
                  "actions": {
                    "後続の承認結果レコードが1件以上あるか": {
                      "type": "If",
                      "description": "length(body('後続の承認結果レコードを取得する'))",
                      "expression": {
                        "and": [
                          {
                            "greaterOrEquals": [
                              "@length(body('後続の承認結果レコードを取得する'))",
                              1
                            ]
                          }
                        ]
                      },
                      "actions": {
                        "直後の承認結果レコードを取得する": {
                          "type": "ParseJson",
                          "description": "first(body('後続の承認結果レコードを取得する'))",
                          "inputs": {
                            "content": "@first(body('後続の承認結果レコードを取得する'))",
                            "schema": {
                              "type": "object",
                              "properties": {
                                "@@odata.type": {
                                  "type": [
                                    "string",
                                    "null"
                                  ]
                                },
                                "@@odata.id": {
                                  "type": [
                                    "string",
                                    "null"
                                  ]
                                },
                                "@@odata.etag": {
                                  "type": [
                                    "string",
                                    "null"
                                  ]
                                },
                                "@@odata.editLink": {
                                  "type": [
                                    "string",
                                    "null"
                                  ]
                                },
                                "createdon@OData.Community.Display.V1.FormattedValue": {
                                  "type": [
                                    "string",
                                    "null"
                                  ]
                                },
                                "createdon@odata.type": {
                                  "type": [
                                    "string",
                                    "null"
                                  ]
                                },
                                "createdon": {
                                  "type": [
                                    "string",
                                    "null"
                                  ]
                                },
                                "_owningbusinessunit_value@OData.Community.Display.V1.FormattedValue": {
                                  "type": [
                                    "string",
                                    "null"
                                  ]
                                },
                                "_owningbusinessunit_value@Microsoft.Dynamics.CRM.associatednavigationproperty": {
                                  "type": [
                                    "string",
                                    "null"
                                  ]
                                },
                                "_owningbusinessunit_value@Microsoft.Dynamics.CRM.lookuplogicalname": {
                                  "type": [
                                    "string",
                                    "null"
                                  ]
                                },
                                "_owningbusinessunit_value@odata.type": {
                                  "type": [
                                    "string",
                                    "null"
                                  ]
                                },
                                "_owningbusinessunit_value": {
                                  "type": [
                                    "string",
                                    "null"
                                  ]
                                },
                                "modifiedon@OData.Community.Display.V1.FormattedValue": {
                                  "type": [
                                    "string",
                                    "null"
                                  ]
                                },
                                "modifiedon@odata.type": {
                                  "type": [
                                    "string",
                                    "null"
                                  ]
                                },
                                "modifiedon": {
                                  "type": [
                                    "string",
                                    "null"
                                  ]
                                },
                                "_createdonbehalfby_value": {},
                                "_owninguser_value@Microsoft.Dynamics.CRM.lookuplogicalname": {
                                  "type": [
                                    "string",
                                    "null"
                                  ]
                                },
                                "_owninguser_value@odata.type": {
                                  "type": [
                                    "string",
                                    "null"
                                  ]
                                },
                                "_owninguser_value": {
                                  "type": [
                                    "string",
                                    "null"
                                  ]
                                },
                                "_createdby_value@OData.Community.Display.V1.FormattedValue": {
                                  "type": [
                                    "string",
                                    "null"
                                  ]
                                },
                                "_createdby_value@Microsoft.Dynamics.CRM.lookuplogicalname": {
                                  "type": [
                                    "string",
                                    "null"
                                  ]
                                },
                                "_createdby_value@odata.type": {
                                  "type": [
                                    "string",
                                    "null"
                                  ]
                                },
                                "_createdby_value": {
                                  "type": [
                                    "string",
                                    "null"
                                  ]
                                },
                                "overriddencreatedon": {},
                                "tkd_approvalstatus@OData.Community.Display.V1.FormattedValue": {
                                  "type": [
                                    "string",
                                    "null"
                                  ]
                                },
                                "tkd_approvalstatus": {
                                  "type": [
                                    "integer",
                                    "null"
                                  ]
                                },
                                "tkd_approverorder@OData.Community.Display.V1.FormattedValue": {
                                  "type": [
                                    "string",
                                    "null"
                                  ]
                                },
                                "tkd_approverorder": {
                                  "type": [
                                    "integer",
                                    "null"
                                  ]
                                },
                                "timezoneruleversionnumber": {},
                                "_modifiedby_value@OData.Community.Display.V1.FormattedValue": {
                                  "type": [
                                    "string",
                                    "null"
                                  ]
                                },
                                "_modifiedby_value@Microsoft.Dynamics.CRM.lookuplogicalname": {
                                  "type": [
                                    "string",
                                    "null"
                                  ]
                                },
                                "_modifiedby_value@odata.type": {
                                  "type": [
                                    "string",
                                    "null"
                                  ]
                                },
                                "_modifiedby_value": {
                                  "type": [
                                    "string",
                                    "null"
                                  ]
                                },
                                "tkd_summary": {
                                  "type": [
                                    "string",
                                    "null"
                                  ]
                                },
                                "tkd_approvalresultid@odata.type": {
                                  "type": "string"
                                },
                                "tkd_approvalresultid": {
                                  "type": "string"
                                },
                                "_ownerid_value@OData.Community.Display.V1.FormattedValue": {
                                  "type": [
                                    "string",
                                    "null"
                                  ]
                                },
                                "_ownerid_value@Microsoft.Dynamics.CRM.associatednavigationproperty": {
                                  "type": [
                                    "string",
                                    "null"
                                  ]
                                },
                                "_ownerid_value@Microsoft.Dynamics.CRM.lookuplogicalname": {
                                  "type": [
                                    "string",
                                    "null"
                                  ]
                                },
                                "_ownerid_value@odata.type": {
                                  "type": [
                                    "string",
                                    "null"
                                  ]
                                },
                                "_ownerid_value": {
                                  "type": [
                                    "string",
                                    "null"
                                  ]
                                },
                                "_tkd_approver_value@OData.Community.Display.V1.FormattedValue": {
                                  "type": "string"
                                },
                                "_tkd_approver_value@Microsoft.Dynamics.CRM.lookuplogicalname": {
                                  "type": "string"
                                },
                                "_tkd_approver_value@odata.type": {
                                  "type": "string"
                                },
                                "_tkd_approver_value": {
                                  "type": "string"
                                },
                                "_owningteam_value": {},
                                "statecode@OData.Community.Display.V1.FormattedValue": {
                                  "type": [
                                    "string",
                                    "null"
                                  ]
                                },
                                "statecode": {
                                  "type": [
                                    "integer",
                                    "null"
                                  ]
                                },
                                "statuscode@OData.Community.Display.V1.FormattedValue": {
                                  "type": [
                                    "string",
                                    "null"
                                  ]
                                },
                                "statuscode": {
                                  "type": [
                                    "integer",
                                    "null"
                                  ]
                                },
                                "versionnumber@OData.Community.Display.V1.FormattedValue": {
                                  "type": [
                                    "string",
                                    "null"
                                  ]
                                },
                                "versionnumber@odata.type": {
                                  "type": [
                                    "string",
                                    "null"
                                  ]
                                },
                                "versionnumber": {
                                  "type": [
                                    "integer",
                                    "null"
                                  ]
                                },
                                "_modifiedonbehalfby_value@OData.Community.Display.V1.FormattedValue": {
                                  "type": [
                                    "string",
                                    "null"
                                  ]
                                },
                                "_modifiedonbehalfby_value@Microsoft.Dynamics.CRM.lookuplogicalname": {
                                  "type": [
                                    "string",
                                    "null"
                                  ]
                                },
                                "_modifiedonbehalfby_value@odata.type": {
                                  "type": [
                                    "string",
                                    "null"
                                  ]
                                },
                                "_modifiedonbehalfby_value": {
                                  "type": [
                                    "string",
                                    "null"
                                  ]
                                },
                                "importsequencenumber": {},
                                "_tkd_application_value@OData.Community.Display.V1.FormattedValue": {
                                  "type": [
                                    "string",
                                    "null"
                                  ]
                                },
                                "_tkd_application_value@Microsoft.Dynamics.CRM.associatednavigationproperty": {
                                  "type": [
                                    "string",
                                    "null"
                                  ]
                                },
                                "_tkd_application_value@Microsoft.Dynamics.CRM.lookuplogicalname": {
                                  "type": [
                                    "string",
                                    "null"
                                  ]
                                },
                                "_tkd_application_value@odata.type": {
                                  "type": [
                                    "string",
                                    "null"
                                  ]
                                },
                                "_tkd_application_value": {
                                  "type": [
                                    "string",
                                    "null"
                                  ]
                                },
                                "utcconversiontimezonecode": {},
                                "tkd_Application@odata.associationLink": {
                                  "type": [
                                    "string",
                                    "null"
                                  ]
                                },
                                "tkd_Application@odata.navigationLink": {
                                  "type": [
                                    "string",
                                    "null"
                                  ]
                                },
                                "owningbusinessunit@odata.associationLink": {
                                  "type": [
                                    "string",
                                    "null"
                                  ]
                                },
                                "owningbusinessunit@odata.navigationLink": {
                                  "type": [
                                    "string",
                                    "null"
                                  ]
                                },
                                "ownerid@odata.associationLink": {
                                  "type": [
                                    "string",
                                    "null"
                                  ]
                                },
                                "ownerid@odata.navigationLink": {
                                  "type": [
                                    "string",
                                    "null"
                                  ]
                                },
                                "createdby@odata.associationLink": {
                                  "type": [
                                    "string",
                                    "null"
                                  ]
                                },
                                "createdby@odata.navigationLink": {
                                  "type": [
                                    "string",
                                    "null"
                                  ]
                                },
                                "createdonbehalfby@odata.associationLink": {
                                  "type": [
                                    "string",
                                    "null"
                                  ]
                                },
                                "createdonbehalfby@odata.navigationLink": {
                                  "type": [
                                    "string",
                                    "null"
                                  ]
                                },
                                "modifiedby@odata.associationLink": {
                                  "type": [
                                    "string",
                                    "null"
                                  ]
                                },
                                "modifiedby@odata.navigationLink": {
                                  "type": [
                                    "string",
                                    "null"
                                  ]
                                },
                                "modifiedonbehalfby@odata.associationLink": {
                                  "type": [
                                    "string",
                                    "null"
                                  ]
                                },
                                "modifiedonbehalfby@odata.navigationLink": {
                                  "type": [
                                    "string",
                                    "null"
                                  ]
                                },
                                "owninguser@odata.associationLink": {
                                  "type": [
                                    "string",
                                    "null"
                                  ]
                                },
                                "owninguser@odata.navigationLink": {
                                  "type": [
                                    "string",
                                    "null"
                                  ]
                                },
                                "owningteam@odata.associationLink": {
                                  "type": [
                                    "string",
                                    "null"
                                  ]
                                },
                                "owningteam@odata.navigationLink": {
                                  "type": [
                                    "string",
                                    "null"
                                  ]
                                },
                                "tkd_approvalresult_SyncErrors@odata.associationLink": {
                                  "type": [
                                    "string",
                                    "null"
                                  ]
                                },
                                "tkd_approvalresult_SyncErrors@odata.navigationLink": {
                                  "type": [
                                    "string",
                                    "null"
                                  ]
                                },
                                "tkd_approvalresult_AsyncOperations@odata.associationLink": {
                                  "type": [
                                    "string",
                                    "null"
                                  ]
                                },
                                "tkd_approvalresult_AsyncOperations@odata.navigationLink": {
                                  "type": [
                                    "string",
                                    "null"
                                  ]
                                },
                                "tkd_approvalresult_MailboxTrackingFolders@odata.associationLink": {
                                  "type": [
                                    "string",
                                    "null"
                                  ]
                                },
                                "tkd_approvalresult_MailboxTrackingFolders@odata.navigationLink": {
                                  "type": [
                                    "string",
                                    "null"
                                  ]
                                },
                                "tkd_approvalresult_UserEntityInstanceDatas@odata.associationLink": {
                                  "type": [
                                    "string",
                                    "null"
                                  ]
                                },
                                "tkd_approvalresult_UserEntityInstanceDatas@odata.navigationLink": {
                                  "type": [
                                    "string",
                                    "null"
                                  ]
                                },
                                "tkd_approvalresult_ProcessSession@odata.associationLink": {
                                  "type": [
                                    "string",
                                    "null"
                                  ]
                                },
                                "tkd_approvalresult_ProcessSession@odata.navigationLink": {
                                  "type": [
                                    "string",
                                    "null"
                                  ]
                                },
                                "tkd_approvalresult_BulkDeleteFailures@odata.associationLink": {
                                  "type": [
                                    "string",
                                    "null"
                                  ]
                                },
                                "tkd_approvalresult_BulkDeleteFailures@odata.navigationLink": {
                                  "type": [
                                    "string",
                                    "null"
                                  ]
                                },
                                "tkd_approvalresult_PrincipalObjectAttributeAccesses@odata.associationLink": {
                                  "type": [
                                    "string",
                                    "null"
                                  ]
                                },
                                "tkd_approvalresult_PrincipalObjectAttributeAccesses@odata.navigationLink": {
                                  "type": [
                                    "string",
                                    "null"
                                  ]
                                },
                                "tkd_Approver@odata.associationLink": {
                                  "type": [
                                    "string",
                                    "null"
                                  ]
                                },
                                "tkd_Approver@odata.navigationLink": {
                                  "type": [
                                    "string",
                                    "null"
                                  ]
                                }
                              }
                            }
                          }
                        },
                        "直後の承認結果レコードのGUIDを取得する": {
                          "type": "Compose",
                          "inputs": "@body('直後の承認結果レコードを取得する')?['tkd_approvalresultid']",
                          "runAfter": {
                            "直後の承認結果レコードを取得する": [
                              "SUCCEEDED"
                            ]
                          }
                        },
                        "直後の承認者のGUIDを取得する": {
                          "type": "Compose",
                          "inputs": "@body('直後の承認結果レコードを取得する')?['_tkd_approver_value']",
                          "runAfter": {
                            "直後の承認結果レコードのGUIDを取得する": [
                              "SUCCEEDED"
                            ]
                          }
                        },
                        "次（直後）の承認者のGUIDが取得できたら": {
                          "type": "If",
                          "expression": {
                            "and": [
                              {
                                "not": {
                                  "equals": [
                                    "@outputs('直後の承認者のGUIDを取得する')",
                                    "@null"
                                  ]
                                }
                              },
                              {
                                "not": {
                                  "equals": [
                                    "@outputs('直後の承認者のGUIDを取得する')",
                                    ""
                                  ]
                                }
                              }
                            ]
                          },
                          "actions": {
                            "次の承認者を取得する": {
                              "type": "OpenApiConnection",
                              "inputs": {
                                "parameters": {
                                  "entityName": "systemusers",
                                  "recordId": "@outputs('直後の承認者のGUIDを取得する')"
                                },
                                "host": {
                                  "apiId": "/providers/Microsoft.PowerApps/apis/shared_commondataserviceforapps",
                                  "operationId": "GetItem",
                                  "connectionName": "shared_commondataserviceforapps"
                                }
                              },
                              "metadata": {
                                "operationMetadataId": "8537fa9b-61e5-4933-86a5-61dd0399acca"
                              }
                            },
                            "次の承認者にレコードを共有する": {
                              "type": "OpenApiConnection",
                              "inputs": {
                                "parameters": {
                                  "actionName": "GrantAccess",
                                  "item/Target": "tkd_approvalresults(@{outputs('直後の承認結果レコードのGUIDを取得する')})",
                                  "item/PrincipalAccess": {
                                    "AccessMask": "ReadAccess,WriteAccess",
                                    "Principal": {
                                      "@{string('@odata.type')}": "Microsoft.Dynamics.CRM.systemuser",
                                      "systemuserid": "@{outputs('直後の承認者のGUIDを取得する')}"
                                    }
                                  }
                                },
                                "host": {
                                  "apiId": "/providers/Microsoft.PowerApps/apis/shared_commondataserviceforapps",
                                  "operationId": "PerformUnboundAction",
                                  "connectionName": "shared_commondataserviceforapps"
                                }
                              },
                              "runAfter": {
                                "次の承認者を取得する": [
                                  "Succeeded"
                                ]
                              },
                              "metadata": {
                                "operationMetadataId": "b5807f34-975a-42f1-9d6c-a8e963fd3c58"
                              }
                            },
                            "承認ステータスを「確認待ち」に更新する": {
                              "type": "OpenApiConnection",
                              "inputs": {
                                "parameters": {
                                  "entityName": "tkd_approvalresults",
                                  "recordId": "@outputs('直後の承認結果レコードのGUIDを取得する')",
                                  "item/tkd_approvalstatus": 10
                                },
                                "host": {
                                  "apiId": "/providers/Microsoft.PowerApps/apis/shared_commondataserviceforapps",
                                  "operationId": "UpdateOnlyRecord",
                                  "connectionName": "shared_commondataserviceforapps"
                                }
                              },
                              "runAfter": {
                                "次の承認者にレコードを共有する": [
                                  "Succeeded"
                                ]
                              }
                            }
                          },
                          "else": {
                            "actions": {
                              "Respond_to_a_Power_App_or_flow_7": {
                                "type": "Response",
                                "kind": "PowerApp",
                                "inputs": {
                                  "schema": {
                                    "type": "object",
                                    "properties": {
                                      "issuccess": {
                                        "title": "IsSuccess",
                                        "x-ms-dynamically-added": true,
                                        "type": "boolean"
                                      },
                                      "approvalresultguid": {
                                        "title": "ApprovalResultGUID",
                                        "x-ms-dynamically-added": true,
                                        "type": "string"
                                      },
                                      "message": {
                                        "title": "Message",
                                        "x-ms-dynamically-added": true,
                                        "type": "string"
                                      }
                                    },
                                    "additionalProperties": {}
                                  },
                                  "statusCode": 200,
                                  "body": {
                                    "issuccess": false,
                                    "approvalresultguid": "@{outputs('承認結果レコードのGUID')}",
                                    "message": "承認者が設定されていないため、承認処理をスキップしました。"
                                  }
                                },
                                "metadata": {
                                  "operationMetadataId": "efbf8341-054d-465e-971f-552d5cb4b76e"
                                }
                              },
                              "終了_6": {
                                "type": "Terminate",
                                "inputs": {
                                  "runStatus": "Failed"
                                },
                                "runAfter": {
                                  "Respond_to_a_Power_App_or_flow_7": [
                                    "Succeeded"
                                  ]
                                },
                                "metadata": {
                                  "operationMetadataId": "6bdbb280-d54b-4f8e-8476-93926e959d00"
                                }
                              }
                            }
                          },
                          "runAfter": {
                            "直後の承認者のGUIDを取得する": [
                              "SUCCEEDED"
                            ]
                          },
                          "metadata": {
                            "operationMetadataId": "187f80ea-eefc-4273-ab26-dfdd3e73f5d9"
                          }
                        }
                      },
                      "else": {
                        "actions": {
                          "Respond_to_a_Power_App_or_flow_8": {
                            "type": "Response",
                            "kind": "PowerApp",
                            "inputs": {
                              "schema": {
                                "type": "object",
                                "properties": {
                                  "issuccess": {
                                    "title": "IsSuccess",
                                    "x-ms-dynamically-added": true,
                                    "type": "boolean"
                                  },
                                  "approvalresultguid": {
                                    "title": "ApprovalResultGUID",
                                    "x-ms-dynamically-added": true,
                                    "type": "string"
                                  },
                                  "message": {
                                    "title": "Message",
                                    "x-ms-dynamically-added": true,
                                    "type": "string"
                                  }
                                },
                                "additionalProperties": {}
                              },
                              "statusCode": 200,
                              "body": {
                                "issuccess": true,
                                "approvalresultguid": "@{outputs('承認結果レコードのGUID')}",
                                "message": "承認処理が完了しました。"
                              }
                            },
                            "runAfter": {
                              "承認処理を完了させる": [
                                "SUCCEEDED"
                              ]
                            },
                            "metadata": {
                              "operationMetadataId": "efbf8341-054d-465e-971f-552d5cb4b76e"
                            }
                          },
                          "終了_7": {
                            "type": "Terminate",
                            "inputs": {
                              "runStatus": "Succeeded"
                            },
                            "runAfter": {
                              "Respond_to_a_Power_App_or_flow_8": [
                                "SUCCEEDED"
                              ]
                            },
                            "metadata": {
                              "operationMetadataId": "6bdbb280-d54b-4f8e-8476-93926e959d00"
                            }
                          },
                          "承認処理を完了させる": {
                            "type": "Scope",
                            "actions": {
                              "申請レコードの申請ステータスを「完了」に更新する": {
                                "type": "OpenApiConnection",
                                "inputs": {
                                  "parameters": {
                                    "entityName": "tkd_applications",
                                    "recordId": "@outputs('申請レコードを取得する')?['body/tkd_applicationid']",
                                    "item/tkd_applicationstatus": 90
                                  },
                                  "host": {
                                    "apiId": "/providers/Microsoft.PowerApps/apis/shared_commondataserviceforapps",
                                    "operationId": "UpdateOnlyRecord",
                                    "connectionName": "shared_commondataserviceforapps"
                                  }
                                }
                              }
                            }
                          }
                        }
                      }
                    }
                  }
                }
              },
              "case": 90
            }
          },
          "runAfter": {
            "次の承認結果レコードを取得する": [
              "Succeeded"
            ]
          }
        },
        "変数「現在の承認順」を初期化する": {
          "type": "InitializeVariable",
          "description": "int(triggerOutputs()?['body/tkd_approverorder'])",
          "inputs": {
            "variables": [
              {
                "name": "現在の承認順",
                "type": "integer"
              }
            ]
          },
          "runAfter": {
            "承認結果レコードのGUID": [
              "SUCCEEDED"
            ]
          }
        },
        "承認順が設定済か": {
          "type": "If",
          "expression": {
            "and": [
              {
                "not": {
                  "equals": [
                    "@triggerOutputs()?['body/tkd_approverorder']",
                    ""
                  ]
                }
              },
              {
                "not": {
                  "equals": [
                    "@triggerOutputs()?['body/tkd_approverorder']",
                    "@null"
                  ]
                }
              }
            ]
          },
          "actions": {
            "変数「現在の承認順」の設定": {
              "type": "SetVariable",
              "description": "int(triggerOutputs()?['body/tkd_approverorder'])",
              "inputs": {
                "name": "現在の承認順",
                "value": "@int(triggerOutputs()?['body/tkd_approverorder'])"
              }
            }
          },
          "else": {
            "actions": {
              "Respond_to_a_Power_App_or_flow_6": {
                "type": "Response",
                "kind": "PowerApp",
                "inputs": {
                  "schema": {
                    "type": "object",
                    "properties": {
                      "issuccess": {
                        "title": "IsSuccess",
                        "x-ms-dynamically-added": true,
                        "type": "boolean"
                      },
                      "approvalresultguid": {
                        "title": "ApprovalResultGUID",
                        "x-ms-dynamically-added": true,
                        "type": "string"
                      },
                      "message": {
                        "title": "Message",
                        "x-ms-dynamically-added": true,
                        "type": "string"
                      }
                    },
                    "additionalProperties": {}
                  },
                  "statusCode": 200,
                  "body": {
                    "issuccess": false,
                    "approvalresultguid": "@{outputs('承認結果レコードのGUID')}",
                    "message": "承認順が設定されていないため、承認処理をスキップしました。"
                  }
                },
                "metadata": {
                  "operationMetadataId": "efbf8341-054d-465e-971f-552d5cb4b76e"
                }
              },
              "終了_5": {
                "type": "Terminate",
                "inputs": {
                  "runStatus": "Failed"
                },
                "runAfter": {
                  "Respond_to_a_Power_App_or_flow_6": [
                    "Succeeded"
                  ]
                },
                "metadata": {
                  "operationMetadataId": "6bdbb280-d54b-4f8e-8476-93926e959d00"
                }
              }
            }
          },
          "runAfter": {
            "変数「現在の承認順」を初期化する": [
              "Succeeded"
            ]
          },
          "metadata": {
            "operationMetadataId": "034a5121-fbf6-4aba-ac32-63ec1ffba8aa"
          }
        },
        "次の承認結果レコードを取得する": {
          "type": "Scope",
          "actions": {
            "後続の承認結果レコードを取得する": {
              "type": "Query",
              "inputs": {
                "from": "@variables('承認結果一覧')",
                "where": "@greaterOrEquals(item()?['tkd_approverorder'],variables('次の承認順'))"
              }
            }
          },
          "runAfter": {
            "変数「承認結果一覧」を初期化する（昇順でソート）": [
              "Succeeded"
            ]
          }
        },
        "変数「承認結果一覧」を初期化する（昇順でソート）": {
          "type": "InitializeVariable",
          "description": "sort(outputs('申請レコードを取得する')?['body/tkd_ApprovalResult_tkd_Application_tkd_Application'], 'tkd_approverorder')",
          "inputs": {
            "variables": [
              {
                "name": "承認結果一覧",
                "type": "array",
                "value": "@sort(outputs('申請レコードを取得する')?['body/tkd_ApprovalResult_tkd_Application_tkd_Application'], 'tkd_approverorder')"
              }
            ]
          },
          "runAfter": {
            "変数「次の承認順」を初期化する": [
              "Succeeded"
            ]
          }
        },
        "変数「次の承認順」を初期化する": {
          "type": "InitializeVariable",
          "description": "add(variables('現在の承認順'),1)",
          "inputs": {
            "variables": [
              {
                "name": "次の承認順",
                "type": "integer",
                "value": "@add(variables('現在の承認順'),1)"
              }
            ]
          },
          "runAfter": {
            "申請者に読み取り権限を与える": [
              "Succeeded"
            ]
          }
        },
        "承認結果レコードのGUID": {
          "type": "Compose",
          "inputs": "@triggerOutputs()?['body/tkd_approvalresultid']",
          "runAfter": {}
        }
      }
    },
    "templateName": null
  },
  "schemaVersion": "1.0.0.0"
}