{
  "properties": {
    "connectionReferences": {
      "shared_commondataserviceforapps": {
        "api": {
          "name": "shared_commondataserviceforapps"
        },
        "connection": {
          "connectionReferenceLogicalName": "tkd_sharedcommondataserviceforapps_d097f"
        },
        "runtimeSource": "embedded"
      }
    },
    "definition": {
      "$schema": "https://schema.management.azure.com/providers/Microsoft.Logic/schemas/2016-06-01/workflowdefinition.json#",
      "contentVersion": "1.0.0.0",
      "parameters": {
        "$authentication": {
          "defaultValue": {},
          "type": "SecureObject"
        },
        "$connections": {
          "defaultValue": {},
          "type": "Object"
        }
      },
      "triggers": {
        "行が追加、変更、または削除された場合": {
          "type": "OpenApiConnectionWebhook",
          "inputs": {
            "parameters": {
              "subscriptionRequest/message": 3,
              "subscriptionRequest/entityname": "tkd_attachmentfile",
              "subscriptionRequest/scope": 4,
              "subscriptionRequest/filteringattributes": "tkd_file",
              "subscriptionRequest/name": "ab36cc64-1402-f011-bae3-000d3ace55f2"
            },
            "host": {
              "apiId": "/providers/Microsoft.PowerApps/apis/shared_commondataserviceforapps",
              "operationId": "SubscribeWebhookTrigger",
              "connectionName": "shared_commondataserviceforapps"
            }
          },
          "metadata": {
            "operationMetadataId": "0d06ae17-5dfd-41e9-b8a8-ab7568dab059"
          }
        }
      },
      "actions": {
        "ファイル名": {
          "type": "Compose",
          "description": "outputs('ID_で行を取得する')?['body/tkd_file_name']",
          "inputs": "@outputs('ID_で行を取得する')?['body/tkd_file_name']",
          "runAfter": {
            "ID_で行を取得する": [
              "Succeeded"
            ]
          },
          "metadata": {
            "operationMetadataId": "2608fcfe-d2f6-4f08-a905-b4692098538c"
          }
        },
        "ID_で行を取得する": {
          "type": "OpenApiConnection",
          "inputs": {
            "parameters": {
              "entityName": "tkd_attachmentfiles",
              "recordId": "@triggerOutputs()?['body/tkd_attachmentfileid']"
            },
            "host": {
              "apiId": "/providers/Microsoft.PowerApps/apis/shared_commondataserviceforapps",
              "operationId": "GetItem",
              "connectionName": "shared_commondataserviceforapps"
            }
          },
          "runAfter": {}
        },
        "条件": {
          "type": "If",
          "expression": {
            "and": [
              {
                "not": {
                  "equals": [
                    "@outputs('ファイル名')",
                    ""
                  ]
                }
              }
            ]
          },
          "actions": {
            "行の更新": {
              "type": "OpenApiConnection",
              "inputs": {
                "parameters": {
                  "entityName": "tkd_attachmentfiles",
                  "recordId": "@triggerOutputs()?['body/tkd_attachmentfileid']",
                  "item/tkd_filename": "@outputs('ファイル名')"
                },
                "host": {
                  "apiId": "/providers/Microsoft.PowerApps/apis/shared_commondataserviceforapps",
                  "operationId": "UpdateOnlyRecord",
                  "connectionName": "shared_commondataserviceforapps"
                }
              },
              "metadata": {
                "operationMetadataId": "9dd364f1-49fa-4406-b381-683c3fd9d185"
              }
            }
          },
          "else": {
            "actions": {}
          },
          "runAfter": {
            "ファイル名": [
              "Succeeded"
            ]
          }
        }
      }
    },
    "templateName": null
  },
  "schemaVersion": "1.0.0.0"
}