{
  "properties": {
    "connectionReferences": {
      "shared_commondataserviceforapps": {
        "runtimeSource": "embedded",
        "connection": {
          "connectionReferenceLogicalName": "tkd_sharedcommondataserviceforapps_d097f"
        },
        "api": {
          "name": "shared_commondataserviceforapps"
        }
      }
    },
    "definition": {
      "$schema": "https://schema.management.azure.com/providers/Microsoft.Logic/schemas/2016-06-01/workflowdefinition.json#",
      "contentVersion": "1.0.0.0",
      "parameters": {
        "$connections": {
          "defaultValue": {},
          "type": "Object"
        },
        "$authentication": {
          "defaultValue": {},
          "type": "SecureObject"
        },
        "システムアカウントGUID (tkd_SystemAccountGUID)": {
          "defaultValue": "c405ea7c-2100-f011-bae4-002248e8e529",
          "type": "String",
          "metadata": {
            "schemaName": "tkd_SystemAccountGUID",
            "description": "システムアカウントを示すユーザーテーブルレコードのGUID"
          }
        }
      },
      "triggers": {
        "行が追加、変更、または削除された場合": {
          "metadata": {
            "operationMetadataId": "174b11f9-41d0-4711-8f50-87e9bcfcf433"
          },
          "type": "OpenApiConnectionWebhook",
          "inputs": {
            "host": {
              "connectionName": "shared_commondataserviceforapps",
              "operationId": "SubscribeWebhookTrigger",
              "apiId": "/providers/Microsoft.PowerApps/apis/shared_commondataserviceforapps"
            },
            "parameters": {
              "subscriptionRequest/message": 4,
              "subscriptionRequest/entityname": "tkd_application",
              "subscriptionRequest/scope": 4
            },
            "authentication": "@parameters('$authentication')"
          }
        }
      },
      "actions": {
        "新たな所有者のGUID": {
          "runAfter": {
            "現在の所有者のGUID": [
              "Succeeded"
            ]
          },
          "metadata": {
            "operationMetadataId": "09a6b03d-e26f-46b2-ac85-ca3d10152fa9"
          },
          "type": "Compose",
          "inputs": "@parameters('システムアカウントGUID (tkd_SystemAccountGUID)')"
        },
        "現在の所有者のGUID": {
          "runAfter": {},
          "metadata": {
            "operationMetadataId": "68d392dd-5988-41df-92f9-22ac2823ddce"
          },
          "type": "Compose",
          "inputs": "@triggerOutputs()?['body/_ownerid_value']"
        },
        "システムアカウントGUIDが設定済か": {
          "actions": {
            "システムアカウント以外が作成・更新したレコードか": {
              "actions": {
                "所有者を更新する": {
                  "runAfter": {},
                  "metadata": {
                    "operationMetadataId": "a4ec3423-081e-4219-8424-d58cdd555175"
                  },
                  "type": "OpenApiConnection",
                  "inputs": {
                    "host": {
                      "connectionName": "shared_commondataserviceforapps",
                      "operationId": "UpdateOnlyRecord",
                      "apiId": "/providers/Microsoft.PowerApps/apis/shared_commondataserviceforapps"
                    },
                    "parameters": {
                      "entityName": "tkd_applications",
                      "recordId": "@triggerOutputs()?['body/tkd_applicationid']",
                      "item/ownerid@odata.bind": "/systemusers/@{outputs('新たな所有者のGUID')}"
                    },
                    "authentication": "@parameters('$authentication')"
                  }
                }
              },
              "runAfter": {},
              "expression": {
                "not": {
                  "equals": [
                    "@outputs('現在の所有者のGUID')",
                    "@outputs('新たな所有者のGUID')"
                  ]
                }
              },
              "metadata": {
                "operationMetadataId": "f7ec3d98-336f-43e0-a8bb-49f34bbbcc25"
              },
              "type": "If"
            }
          },
          "runAfter": {
            "新たな所有者のGUID": [
              "Succeeded"
            ]
          },
          "else": {
            "actions": {
              "終了": {
                "runAfter": {},
                "metadata": {
                  "operationMetadataId": "6ca3e77a-e37d-4a9b-a5d5-93f4ef155912"
                },
                "type": "Terminate",
                "inputs": {
                  "runStatus": "Failed",
                  "runError": {
                    "message": "システムアカウントGUIDが未設定"
                  }
                }
              }
            }
          },
          "expression": {
            "not": {
              "equals": [
                "@outputs('新たな所有者のGUID')",
                ""
              ]
            }
          },
          "metadata": {
            "operationMetadataId": "8ca48db0-2f70-49a9-b50b-ae539008ee3a"
          },
          "type": "If"
        }
      }
    },
    "templateName": ""
  },
  "schemaVersion": "1.0.0.0"
}