{
  "properties": {
    "connectionReferences": {
      "shared_commondataserviceforapps": {
        "api": {
          "name": "shared_commondataserviceforapps"
        },
        "connection": {
          "connectionReferenceLogicalName": "tkd_sharedcommondataserviceforapps_d097f"
        },
        "runtimeSource": "embedded"
      }
    },
    "definition": {
      "$schema": "https://schema.management.azure.com/providers/Microsoft.Logic/schemas/2016-06-01/workflowdefinition.json#",
      "contentVersion": "1.0.0.0",
      "parameters": {
        "$authentication": {
          "defaultValue": {},
          "type": "SecureObject"
        },
        "$connections": {
          "defaultValue": {},
          "type": "Object"
        }
      },
      "triggers": {
        "申請ステータスが「提出」の行が追加、変更された場合": {
          "type": "OpenApiConnectionWebhook",
          "inputs": {
            "parameters": {
              "subscriptionRequest/message": 4,
              "subscriptionRequest/entityname": "tkd_application",
              "subscriptionRequest/scope": 4,
              "subscriptionRequest/filteringattributes": "tkd_applicationstatus",
              "subscriptionRequest/filterexpression": "tkd_applicationstatus eq 10"
            },
            "host": {
              "apiId": "/providers/Microsoft.PowerApps/apis/shared_commondataserviceforapps",
              "operationId": "SubscribeWebhookTrigger",
              "connectionName": "shared_commondataserviceforapps"
            }
          },
          "metadata": {
            "operationMetadataId": "174b11f9-41d0-4711-8f50-87e9bcfcf433"
          }
        }
      },
      "actions": {
        "申請レコードのGUID": {
          "type": "Compose",
          "inputs": "@triggerOutputs()?['body/tkd_applicationid']",
          "runAfter": {
            "ログを出力する（フロー開始）": [
              "Succeeded"
            ]
          },
          "metadata": {
            "operationMetadataId": "68d392dd-5988-41df-92f9-22ac2823ddce"
          }
        },
        "所有権の刈り取り": {
          "type": "Scope",
          "actions": {
            "子フローを実行して、所有権を刈り取る": {
              "type": "Workflow",
              "inputs": {
                "host": {
                  "workflowReferenceName": "56e3e9e0-5d04-f011-bae3-000d3ace55f2"
                },
                "body": {
                  "text": "@outputs('申請レコードのGUID')"
                }
              },
              "metadata": {
                "operationMetadataId": "1630cb07-d58f-404d-adbd-3f6eea9eff13"
              }
            },
            "子フローの実行が正常に終了したか": {
              "type": "If",
              "expression": {
                "and": [
                  {
                    "equals": [
                      "@body('子フローを実行して、所有権を刈り取る')?['issuccess']",
                      true
                    ]
                  }
                ]
              },
              "actions": {
                "子フローの実行結果メッセージ": {
                  "type": "Compose",
                  "inputs": "@body('子フローを実行して、所有権を刈り取る')?['message']",
                  "metadata": {
                    "operationMetadataId": "beb42c2e-af67-46ca-bcf8-7aeab9ac2e78"
                  }
                }
              },
              "else": {
                "actions": {
                  "終了": {
                    "type": "Terminate",
                    "inputs": {
                      "runStatus": "Failed",
                      "runError": {
                        "message": "@{body('子フローを実行して、所有権を刈り取る')?['message']}"
                      }
                    },
                    "metadata": {
                      "operationMetadataId": "b2d49bc7-2005-46fc-bc3a-1d1cd59cc102"
                    }
                  }
                }
              },
              "runAfter": {
                "ログを出力する（子フロー実行）": [
                  "Succeeded"
                ]
              },
              "metadata": {
                "operationMetadataId": "d9965743-47fe-41d5-85ba-59485e722bbb"
              }
            },
            "ログを出力する（子フロー実行）": {
              "type": "OpenApiConnection",
              "inputs": {
                "parameters": {
                  "entityName": "tkd_eventlogs",
                  "item/tkd_loglevel": 2,
                  "item/tkd_eventid": "@workflow()?['run']?['id']",
                  "item/tkd_logcomponent": "@workflow()?['tags']?['flowDisplayName']",
                  "item/tkd_userinformation": "@{base64ToString(triggerOutputs()?['headers']?['x-ms-user-name-encoded'])} @{triggerOutputs()?['headers']?['x-ms-user-email']}",
                  "item/tkd_logmessage": "子フロー「レコード更新_申請_子_申請レコードの所有権を刈り取る」を開始しました。",
                  "item/tkd_logcontent": "子フローを実行して、所有権を刈り取る",
                  "item/tkd_logresult": "@{body('子フローを実行して、所有権を刈り取る')?['issuccess']} @{body('子フローを実行して、所有権を刈り取る')?['message']}"
                },
                "host": {
                  "apiId": "/providers/Microsoft.PowerApps/apis/shared_commondataserviceforapps",
                  "operationId": "CreateRecord",
                  "connectionName": "shared_commondataserviceforapps"
                }
              },
              "runAfter": {
                "子フローを実行して、所有権を刈り取る": [
                  "Succeeded"
                ]
              }
            }
          },
          "runAfter": {
            "申請レコードのGUID": [
              "Succeeded"
            ]
          }
        },
        "申請者・承認者へのレコード共有": {
          "type": "Scope",
          "actions": {
            "子フローを実行して、レコードを共有する": {
              "type": "Workflow",
              "inputs": {
                "host": {
                  "workflowReferenceName": "ddee8815-8204-f011-bae3-000d3ace55f2"
                },
                "body": {
                  "text": "@outputs('申請レコードのGUID')"
                }
              },
              "metadata": {
                "operationMetadataId": "1630cb07-d58f-404d-adbd-3f6eea9eff13"
              }
            },
            "子フローの実行が正常に終了したか_1": {
              "type": "If",
              "expression": {
                "and": [
                  {
                    "equals": [
                      "@body('子フローを実行して、所有権を刈り取る')?['issuccess']",
                      true
                    ]
                  }
                ]
              },
              "actions": {
                "子フローの実行結果メッセージ_1": {
                  "type": "Compose",
                  "inputs": "@body('子フローを実行して、レコードを共有する')?['message']",
                  "metadata": {
                    "operationMetadataId": "beb42c2e-af67-46ca-bcf8-7aeab9ac2e78"
                  }
                }
              },
              "else": {
                "actions": {
                  "終了_1": {
                    "type": "Terminate",
                    "inputs": {
                      "runStatus": "Failed",
                      "runError": {
                        "message": "@body('子フローを実行して、レコードを共有する')?['message']"
                      }
                    },
                    "metadata": {
                      "operationMetadataId": "b2d49bc7-2005-46fc-bc3a-1d1cd59cc102"
                    }
                  }
                }
              },
              "runAfter": {
                "ログを出力する（子フロー実行）1": [
                  "SUCCEEDED"
                ]
              },
              "metadata": {
                "operationMetadataId": "d9965743-47fe-41d5-85ba-59485e722bbb"
              }
            },
            "ログを出力する（子フロー実行）1": {
              "type": "OpenApiConnection",
              "inputs": {
                "parameters": {
                  "entityName": "tkd_eventlogs",
                  "item/tkd_loglevel": 2,
                  "item/tkd_eventid": "@workflow()?['run']?['id']",
                  "item/tkd_logcomponent": "@workflow()?['tags']?['flowDisplayName']",
                  "item/tkd_userinformation": "@{base64ToString(triggerOutputs()?['headers']?['x-ms-user-name-encoded'])} @{triggerOutputs()?['headers']?['x-ms-user-email']}",
                  "item/tkd_logmessage": "子フロー「レコード更新_申請_子_申請レコードを共有する」を開始しました。",
                  "item/tkd_logcontent": "子フローを実行して、レコードを共有する",
                  "item/tkd_logresult": "@{body('子フローを実行して、レコードを共有する')?['issuccess']} @{body('子フローを実行して、レコードを共有する')?['message']}"
                },
                "host": {
                  "apiId": "/providers/Microsoft.PowerApps/apis/shared_commondataserviceforapps",
                  "operationId": "CreateRecord",
                  "connectionName": "shared_commondataserviceforapps"
                }
              },
              "runAfter": {
                "子フローを実行して、レコードを共有する": [
                  "Succeeded"
                ]
              }
            }
          },
          "runAfter": {
            "申請結果の更新（ロック済）": [
              "Succeeded"
            ]
          }
        },
        "承認結果レコードを作成・紐づける": {
          "type": "Scope",
          "actions": {
            "子フローを実行して、承認結果レコードを作成・紐づける": {
              "type": "Workflow",
              "inputs": {
                "host": {
                  "workflowReferenceName": "2d1c97f1-9904-f011-bae3-000d3ace55f2"
                },
                "body": {
                  "text": "@outputs('申請レコードのGUID')"
                }
              },
              "metadata": {
                "operationMetadataId": "1630cb07-d58f-404d-adbd-3f6eea9eff13"
              }
            },
            "子フローの実行が正常に終了したか_2": {
              "type": "If",
              "expression": {
                "and": [
                  {
                    "equals": [
                      "@body('子フローを実行して、承認結果レコードを作成・紐づける')?['issuccess']",
                      true
                    ]
                  }
                ]
              },
              "actions": {
                "子フローの実行結果メッセージ_2": {
                  "type": "Compose",
                  "inputs": "@body('子フローを実行して、承認結果レコードを作成・紐づける')?['message']",
                  "metadata": {
                    "operationMetadataId": "beb42c2e-af67-46ca-bcf8-7aeab9ac2e78"
                  }
                }
              },
              "else": {
                "actions": {
                  "終了_2": {
                    "type": "Terminate",
                    "inputs": {
                      "runStatus": "Failed",
                      "runError": {
                        "message": "@body('子フローを実行して、承認結果レコードを作成・紐づける')?['message']"
                      }
                    },
                    "metadata": {
                      "operationMetadataId": "b2d49bc7-2005-46fc-bc3a-1d1cd59cc102"
                    }
                  }
                }
              },
              "runAfter": {
                "ログを出力する（子フロー実行）2": [
                  "SUCCEEDED"
                ]
              },
              "metadata": {
                "operationMetadataId": "d9965743-47fe-41d5-85ba-59485e722bbb"
              }
            },
            "ログを出力する（子フロー実行）2": {
              "type": "OpenApiConnection",
              "inputs": {
                "parameters": {
                  "entityName": "tkd_eventlogs",
                  "item/tkd_loglevel": 2,
                  "item/tkd_eventid": "@workflow()?['run']?['id']",
                  "item/tkd_logcomponent": "@workflow()?['tags']?['flowDisplayName']",
                  "item/tkd_userinformation": "@{base64ToString(triggerOutputs()?['headers']?['x-ms-user-name-encoded'])} @{triggerOutputs()?['headers']?['x-ms-user-email']}",
                  "item/tkd_logmessage": "子フロー「レレコード更新_申請_子_承認結果レコードを作成・紐づける」を開始しました。",
                  "item/tkd_logcontent": "子フローを実行して、承認結果レコードを作成・紐づける",
                  "item/tkd_logresult": "@{body('子フローを実行して、承認結果レコードを作成・紐づける')?['issuccess']} @{body('子フローを実行して、承認結果レコードを作成・紐づける')?['message']}"
                },
                "host": {
                  "apiId": "/providers/Microsoft.PowerApps/apis/shared_commondataserviceforapps",
                  "operationId": "CreateRecord",
                  "connectionName": "shared_commondataserviceforapps"
                }
              },
              "runAfter": {
                "子フローを実行して、承認結果レコードを作成・紐づける": [
                  "Succeeded"
                ]
              }
            }
          },
          "runAfter": {
            "申請結果の更新（進行中）": [
              "Succeeded"
            ]
          }
        },
        "申請結果の更新（進行中）": {
          "type": "OpenApiConnection",
          "inputs": {
            "parameters": {
              "entityName": "tkd_applications",
              "recordId": "@outputs('申請レコードのGUID')",
              "item/tkd_appricationresultstatus": 12
            },
            "host": {
              "apiId": "/providers/Microsoft.PowerApps/apis/shared_commondataserviceforapps",
              "operationId": "UpdateOnlyRecord",
              "connectionName": "shared_commondataserviceforapps"
            }
          },
          "runAfter": {
            "申請者・承認者へのレコード共有": [
              "Succeeded"
            ]
          }
        },
        "申請結果の更新（ロック済）": {
          "type": "OpenApiConnection",
          "inputs": {
            "parameters": {
              "entityName": "tkd_applications",
              "recordId": "@outputs('申請レコードのGUID')",
              "item/tkd_appricationresultstatus": 11
            },
            "host": {
              "apiId": "/providers/Microsoft.PowerApps/apis/shared_commondataserviceforapps",
              "operationId": "UpdateOnlyRecord",
              "connectionName": "shared_commondataserviceforapps"
            }
          },
          "runAfter": {
            "所有権の刈り取り": [
              "Succeeded"
            ]
          }
        },
        "ログを出力する（フロー開始）": {
          "type": "OpenApiConnection",
          "inputs": {
            "parameters": {
              "entityName": "tkd_eventlogs",
              "item/tkd_loglevel": 2,
              "item/tkd_eventid": "@workflow()?['run']?['id']",
              "item/tkd_logcomponent": "@workflow()?['tags']?['flowDisplayName']",
              "item/tkd_userinformation": "@{base64ToString(triggerOutputs()?['headers']?['x-ms-user-name-encoded'])} @{triggerOutputs()?['headers']?['x-ms-user-email']}",
              "item/tkd_logmessage": "フロー「@{workflow()?['tags']?['flowDisplayName']}」を開始しました。",
              "item/tkd_logcontent": "フローを手動でトリガーする",
              "item/tkd_logresult": "@workflow()"
            },
            "host": {
              "apiId": "/providers/Microsoft.PowerApps/apis/shared_commondataserviceforapps",
              "operationId": "CreateRecord",
              "connectionName": "shared_commondataserviceforapps"
            }
          },
          "runAfter": {}
        },
        "ログを出力する（フロー終了）": {
          "type": "OpenApiConnection",
          "inputs": {
            "parameters": {
              "entityName": "tkd_eventlogs",
              "item/tkd_loglevel": 2,
              "item/tkd_eventid": "@workflow()?['run']?['id']",
              "item/tkd_logcomponent": "@workflow()?['tags']?['flowDisplayName']",
              "item/tkd_userinformation": "@{base64ToString(triggerOutputs()?['headers']?['x-ms-user-name-encoded'])} @{triggerOutputs()?['headers']?['x-ms-user-email']}",
              "item/tkd_logmessage": "フローを終了します。",
              "item/tkd_logcontent": "フロー終了"
            },
            "host": {
              "apiId": "/providers/Microsoft.PowerApps/apis/shared_commondataserviceforapps",
              "operationId": "CreateRecord",
              "connectionName": "shared_commondataserviceforapps"
            }
          },
          "runAfter": {
            "承認結果レコードを作成・紐づける": [
              "SUCCEEDED"
            ]
          }
        }
      }
    },
    "templateName": null
  },
  "schemaVersion": "1.0.0.0"
}