{
  "properties": {
    "connectionReferences": {
      "shared_commondataserviceforapps": {
        "api": {
          "name": "shared_commondataserviceforapps"
        },
        "connection": {
          "connectionReferenceLogicalName": "tkd_sharedcommondataserviceforapps_d097f"
        },
        "runtimeSource": "embedded"
      },
      "shared_teams-1": {
        "api": {
          "name": "shared_teams"
        },
        "connection": {
          "connectionReferenceLogicalName": "tkd_sharedteams_e3d6b"
        },
        "runtimeSource": "invoker"
      }
    },
    "definition": {
      "$schema": "https://schema.management.azure.com/providers/Microsoft.Logic/schemas/2016-06-01/workflowdefinition.json#",
      "contentVersion": "1.0.0.0",
      "parameters": {
        "$authentication": {
          "defaultValue": {},
          "type": "SecureObject"
        },
        "$connections": {
          "defaultValue": {},
          "type": "Object"
        },
        "環境URL (tkd_EnvironmentURL)": {
          "defaultValue": "https://org3fff71f8.crm7.dynamics.com",
          "type": "String",
          "metadata": {
            "schemaName": "tkd_EnvironmentURL",
            "description": "https://org********.crm*.dynamics.com"
          }
        },
        "承認アプリGUID (tkd_ApprovalAppGUID)": {
          "defaultValue": "ca65eb7d-0602-f011-bae3-000d3ace55f2",
          "type": "String",
          "metadata": {
            "schemaName": "tkd_ApprovalAppGUID"
          }
        }
      },
      "triggers": {
        "manual": {
          "type": "Request",
          "kind": "Button",
          "inputs": {
            "schema": {
              "type": "object",
              "properties": {
                "text": {
                  "title": "申請レコードGUID",
                  "type": "string",
                  "x-ms-dynamically-added": true,
                  "description": "申請レコードのGUIDを指定してください",
                  "x-ms-content-hint": "TEXT"
                }
              },
              "required": [
                "text"
              ]
            }
          },
          "metadata": {
            "operationMetadataId": "aa09e3f6-adb0-4255-bdbb-b5bbec6954b2"
          }
        }
      },
      "actions": {
        "申請レコードのGUID": {
          "type": "Compose",
          "description": "if(empty(coalesce(triggerBody()?['text'], '')), '', triggerBody()['text'])",
          "inputs": "@if(empty(coalesce(triggerBody()?['text'], '')), '', triggerBody()['text'])",
          "runAfter": {
            "承認結果概要の既定値": [
              "Succeeded"
            ]
          },
          "metadata": {
            "operationMetadataId": "68d392dd-5988-41df-92f9-22ac2823ddce"
          }
        },
        "申請レコードのGUIDが取得できたら": {
          "type": "If",
          "expression": {
            "not": {
              "equals": [
                "@outputs('申請レコードのGUID')",
                ""
              ]
            }
          },
          "actions": {
            "申請レコードを取得する": {
              "type": "OpenApiConnection",
              "inputs": {
                "parameters": {
                  "entityName": "tkd_applications",
                  "recordId": "@outputs('申請レコードのGUID')"
                },
                "host": {
                  "apiId": "/providers/Microsoft.PowerApps/apis/shared_commondataserviceforapps",
                  "operationId": "GetItem",
                  "connectionName": "shared_commondataserviceforapps"
                }
              },
              "runAfter": {
                "ログを出力する（申請GUID取得済）": [
                  "SUCCEEDED"
                ]
              },
              "metadata": {
                "operationMetadataId": "d003d48b-b98b-45d6-a5a4-86ea76a9a0f3"
              }
            },
            "ログを出力する（申請GUID取得済）": {
              "type": "OpenApiConnection",
              "inputs": {
                "parameters": {
                  "entityName": "tkd_eventlogs",
                  "item/tkd_loglevel": 2,
                  "item/tkd_eventid": "@workflow()?['run']?['id']",
                  "item/tkd_logcomponent": "@workflow()?['tags']?['flowDisplayName']",
                  "item/tkd_logmessage": "申請レコードのGUIDが取得しました。",
                  "item/tkd_logcontent": "申請レコードのGUIDが取得できたら"
                },
                "host": {
                  "apiId": "/providers/Microsoft.PowerApps/apis/shared_commondataserviceforapps",
                  "operationId": "CreateRecord",
                  "connectionName": "shared_commondataserviceforapps"
                }
              }
            },
            "ログを出力する（申請レコード取得）": {
              "type": "OpenApiConnection",
              "inputs": {
                "parameters": {
                  "entityName": "tkd_eventlogs",
                  "item/tkd_loglevel": 2,
                  "item/tkd_eventid": "@workflow()?['run']?['id']",
                  "item/tkd_logcomponent": "@workflow()?['tags']?['flowDisplayName']",
                  "item/tkd_logmessage": "申請レコードを取得しました。",
                  "item/tkd_logcontent": "申請レコードを取得する",
                  "item/tkd_logresult": "@outputs('申請レコードを取得する')?['body/tkd_applicationid']"
                },
                "host": {
                  "apiId": "/providers/Microsoft.PowerApps/apis/shared_commondataserviceforapps",
                  "operationId": "CreateRecord",
                  "connectionName": "shared_commondataserviceforapps"
                }
              },
              "runAfter": {
                "申請レコードを取得する": [
                  "SUCCEEDED"
                ]
              }
            }
          },
          "else": {
            "actions": {
              "Respond_to_a_Power_App_or_flow": {
                "type": "Response",
                "kind": "PowerApp",
                "inputs": {
                  "schema": {
                    "type": "object",
                    "properties": {
                      "issuccess": {
                        "title": "IsSuccess",
                        "x-ms-dynamically-added": true,
                        "type": "boolean"
                      },
                      "applicationguid": {
                        "title": "ApplicationGUID",
                        "x-ms-dynamically-added": true,
                        "type": "string"
                      },
                      "message": {
                        "title": "Message",
                        "x-ms-dynamically-added": true,
                        "type": "string"
                      }
                    },
                    "additionalProperties": {}
                  },
                  "statusCode": 200,
                  "body": {
                    "issuccess": false,
                    "message": "申請レコードのGUIDが設定されていないため、レコードの共有処理をスキップしました。"
                  }
                },
                "runAfter": {
                  "ログを出力する（申請GUID未取得）": [
                    "SUCCEEDED"
                  ]
                },
                "metadata": {
                  "operationMetadataId": "efbf8341-054d-465e-971f-552d5cb4b76e"
                }
              },
              "終了": {
                "type": "Terminate",
                "inputs": {
                  "runStatus": "Failed"
                },
                "runAfter": {
                  "Respond_to_a_Power_App_or_flow": [
                    "Succeeded"
                  ]
                },
                "metadata": {
                  "operationMetadataId": "6bdbb280-d54b-4f8e-8476-93926e959d00"
                }
              },
              "ログを出力する（申請GUID未取得）": {
                "type": "OpenApiConnection",
                "inputs": {
                  "parameters": {
                    "entityName": "tkd_eventlogs",
                    "item/tkd_loglevel": 2,
                    "item/tkd_eventid": "@workflow()?['run']?['id']",
                    "item/tkd_logcomponent": "@workflow()?['tags']?['flowDisplayName']",
                    "item/tkd_logmessage": "申請レコードのGUIDが取得できませんでした。",
                    "item/tkd_logcontent": "申請レコードのGUIDが取得できたら"
                  },
                  "host": {
                    "apiId": "/providers/Microsoft.PowerApps/apis/shared_commondataserviceforapps",
                    "operationId": "CreateRecord",
                    "connectionName": "shared_commondataserviceforapps"
                  }
                }
              }
            }
          },
          "runAfter": {
            "申請レコードのGUID": [
              "Succeeded"
            ]
          },
          "metadata": {
            "operationMetadataId": "034a5121-fbf6-4aba-ac32-63ec1ffba8aa"
          }
        },
        "承認経路レコードのGUIDが取得できたら": {
          "type": "If",
          "expression": {
            "not": {
              "equals": [
                "@outputs('承認経路レコードのGUID')",
                ""
              ]
            }
          },
          "actions": {
            "承認経路レコードを取得する": {
              "type": "OpenApiConnection",
              "inputs": {
                "parameters": {
                  "entityName": "tkd_approvalroutes",
                  "recordId": "@outputs('承認経路レコードのGUID')"
                },
                "host": {
                  "apiId": "/providers/Microsoft.PowerApps/apis/shared_commondataserviceforapps",
                  "operationId": "GetItem",
                  "connectionName": "shared_commondataserviceforapps"
                }
              },
              "metadata": {
                "operationMetadataId": "367b754e-c9c2-43bc-b17f-634f3f0d237c"
              }
            }
          },
          "else": {
            "actions": {
              "Respond_to_a_Power_App_or_flow_2": {
                "type": "Response",
                "kind": "PowerApp",
                "inputs": {
                  "schema": {
                    "type": "object",
                    "properties": {
                      "issuccess": {
                        "title": "IsSuccess",
                        "x-ms-dynamically-added": true,
                        "type": "boolean"
                      },
                      "applicationguid": {
                        "title": "ApplicationGUID",
                        "x-ms-dynamically-added": true,
                        "type": "string"
                      },
                      "message": {
                        "title": "Message",
                        "x-ms-dynamically-added": true,
                        "type": "string"
                      }
                    },
                    "additionalProperties": {}
                  },
                  "statusCode": 200,
                  "body": {
                    "issuccess": false,
                    "applicationguid": "@{outputs('申請レコードのGUID')}",
                    "message": "承認経路レコードのGUIDが設定されていないため、レコードの共有処理をスキップしました。"
                  }
                },
                "metadata": {
                  "operationMetadataId": "64527af8-ce88-490b-8793-345eef7663c0"
                }
              },
              "終了_2": {
                "type": "Terminate",
                "inputs": {
                  "runStatus": "Failed"
                },
                "runAfter": {
                  "Respond_to_a_Power_App_or_flow_2": [
                    "Succeeded"
                  ]
                },
                "metadata": {
                  "operationMetadataId": "177bfcc8-8c62-4394-8131-0d25b704b29f"
                }
              }
            }
          },
          "runAfter": {
            "承認経路レコードのGUID": [
              "Succeeded"
            ]
          },
          "metadata": {
            "operationMetadataId": "1b524ec1-ad58-4098-980e-fdf9bdf1097f"
          }
        },
        "承認経路レコードのGUID": {
          "type": "Compose",
          "inputs": "@outputs('申請レコードを取得する')?['body/_tkd_approvalroute_value']",
          "runAfter": {
            "申請者のGUIDが取得できたら": [
              "Succeeded"
            ]
          },
          "metadata": {
            "operationMetadataId": "70ccc6dd-671b-4ddf-9058-b51f877f0b04"
          }
        },
        "申請者のGUID": {
          "type": "Compose",
          "inputs": "@outputs('申請レコードを取得する')?['body/_tkd_appliedby_value']",
          "runAfter": {
            "申請レコードのGUIDが取得できたら": [
              "Succeeded"
            ]
          },
          "metadata": {
            "operationMetadataId": "ffd03517-7fce-4c95-bdae-2ac0e92d753f"
          }
        },
        "承認者1のGUID": {
          "type": "Compose",
          "inputs": "@outputs('承認経路レコードを取得する')?['body/_tkd_approver1_value']",
          "runAfter": {
            "変数「レコード作成先ユーザー」を初期化する": [
              "Succeeded"
            ]
          },
          "metadata": {
            "operationMetadataId": "d685b5f6-446a-41e9-9683-85098f0a07f5"
          }
        },
        "承認者2のGUID": {
          "type": "Compose",
          "inputs": "@outputs('承認経路レコードを取得する')?['body/_tkd_approver2_value']",
          "runAfter": {
            "承認者1のGUIDが取得できたら": [
              "Succeeded"
            ]
          },
          "metadata": {
            "operationMetadataId": "32db1cd6-2080-423f-9610-3ad390d4e279"
          }
        },
        "承認者3のGUID": {
          "type": "Compose",
          "inputs": "@outputs('承認経路レコードを取得する')?['body/_tkd_approver3_value']",
          "runAfter": {
            "承認者2のGUIDが取得できたら": [
              "Succeeded"
            ]
          },
          "metadata": {
            "operationMetadataId": "0dc09b66-24f0-4414-ba56-e5444cab3688"
          }
        },
        "承認者4のGUID": {
          "type": "Compose",
          "inputs": "@outputs('承認経路レコードを取得する')?['body/_tkd_approver4_value']",
          "runAfter": {
            "承認者3のGUIDが取得できたら": [
              "Succeeded"
            ]
          },
          "metadata": {
            "operationMetadataId": "fb6092c5-2568-4a53-8da9-e8dbbe9d64b9"
          }
        },
        "承認者5のGUID": {
          "type": "Compose",
          "inputs": "@outputs('承認経路レコードを取得する')?['body/_tkd_approver5_value']",
          "runAfter": {
            "承認者4のGUIDが取得できたら": [
              "Succeeded"
            ]
          },
          "metadata": {
            "operationMetadataId": "c2868163-9f02-4bdc-8531-5994d3b904e3"
          }
        },
        "承認者1のGUIDが取得できたら": {
          "type": "If",
          "expression": {
            "and": [
              {
                "not": {
                  "equals": [
                    "@outputs('承認者1のGUID')",
                    "@null"
                  ]
                }
              },
              {
                "not": {
                  "equals": [
                    "@outputs('承認者1のGUID')",
                    ""
                  ]
                }
              }
            ]
          },
          "actions": {
            "承認者1を取得する": {
              "type": "OpenApiConnection",
              "inputs": {
                "parameters": {
                  "entityName": "systemusers",
                  "recordId": "@outputs('承認者1のGUID')"
                },
                "host": {
                  "apiId": "/providers/Microsoft.PowerApps/apis/shared_commondataserviceforapps",
                  "operationId": "GetItem",
                  "connectionName": "shared_commondataserviceforapps"
                }
              },
              "metadata": {
                "operationMetadataId": "8537fa9b-61e5-4933-86a5-61dd0399acca"
              }
            },
            "承認結果に承認者1の行を追加する": {
              "type": "OpenApiConnection",
              "description": "last(split(outputs('承認者1を取得する')?['body/@odata.id'], '/')) add(length(variables('レコード作成先ユーザー')), 1) last(split(outputs('申請レコードを取得する')?['body/@odata.id'], '/'))",
              "inputs": {
                "parameters": {
                  "entityName": "tkd_approvalresults",
                  "item/tkd_approvalstatus": 0,
                  "item/tkd_Approver@odata.bind": "@last(split(outputs('承認者1を取得する')?['body/@odata.id'], '/'))",
                  "item/tkd_approverorder": "@add(length(variables('レコード作成先ユーザー')), 1)",
                  "item/tkd_Application@odata.bind": "@last(split(outputs('申請レコードを取得する')?['body/@odata.id'], '/'))",
                  "item/tkd_summary": "@outputs('承認結果概要の既定値')"
                },
                "host": {
                  "apiId": "/providers/Microsoft.PowerApps/apis/shared_commondataserviceforapps",
                  "operationId": "CreateRecord",
                  "connectionName": "shared_commondataserviceforapps"
                }
              },
              "runAfter": {
                "承認者1を取得する": [
                  "Succeeded"
                ]
              },
              "metadata": {
                "operationMetadataId": "3dcf59f3-6d09-4e52-a316-c6f5d9a782ad"
              }
            },
            "配列変数「レコード作成先ユーザー」に追加1": {
              "type": "AppendToArrayVariable",
              "description": "outputs('承認者1を取得する')?['body/fullname'] outputs('承認者1を取得する')?['body/internalemailaddress'] outputs('承認者1を取得する')?['body/systemuserid'] outputs('承認結果に承認者1の行を追加する')?['body/tkd_approvalresultid']",
              "inputs": {
                "name": "レコード作成先ユーザー",
                "value": {
                  "FullName": "@{outputs('承認者1を取得する')?['body/fullname']}",
                  "EmailAddress": "@{outputs('承認者1を取得する')?['body/internalemailaddress']}",
                  "UserGUID": "@{outputs('承認者1を取得する')?['body/systemuserid']}",
                  "ApprovalResultGUID": "@{outputs('承認結果に承認者1の行を追加する')?['body/tkd_approvalresultid']}"
                }
              },
              "runAfter": {
                "承認結果に承認者1の行を追加する": [
                  "Succeeded"
                ]
              }
            }
          },
          "else": {
            "actions": {}
          },
          "runAfter": {
            "承認者1のGUID": [
              "Succeeded"
            ]
          },
          "metadata": {
            "operationMetadataId": "187f80ea-eefc-4273-ab26-dfdd3e73f5d9"
          }
        },
        "承認者2のGUIDが取得できたら": {
          "type": "If",
          "expression": {
            "and": [
              {
                "not": {
                  "equals": [
                    "@outputs('承認者2のGUID')",
                    "@null"
                  ]
                }
              },
              {
                "not": {
                  "equals": [
                    "@outputs('承認者2のGUID')",
                    ""
                  ]
                }
              }
            ]
          },
          "actions": {
            "承認者2を取得する": {
              "type": "OpenApiConnection",
              "inputs": {
                "parameters": {
                  "entityName": "systemusers",
                  "recordId": "@outputs('承認者2のGUID')"
                },
                "host": {
                  "apiId": "/providers/Microsoft.PowerApps/apis/shared_commondataserviceforapps",
                  "operationId": "GetItem",
                  "connectionName": "shared_commondataserviceforapps"
                }
              },
              "metadata": {
                "operationMetadataId": "cabdaae8-1de6-4470-8819-31af9ce6b613"
              }
            },
            "承認結果に承認者2の行を追加する": {
              "type": "OpenApiConnection",
              "description": "last(split(outputs('承認者2を取得する')?['body/@odata.id'], '/')) add(length(variables('レコード作成先ユーザー')), 1) last(split(outputs('申請レコードを取得する')?['body/@odata.id'], '/'))",
              "inputs": {
                "parameters": {
                  "entityName": "tkd_approvalresults",
                  "item/tkd_approvalstatus": 0,
                  "item/tkd_Approver@odata.bind": "@last(split(outputs('承認者2を取得する')?['body/@odata.id'], '/'))",
                  "item/tkd_approverorder": "@add(length(variables('レコード作成先ユーザー')), 1)",
                  "item/tkd_Application@odata.bind": "@last(split(outputs('申請レコードを取得する')?['body/@odata.id'], '/'))",
                  "item/tkd_summary": "@outputs('承認結果概要の既定値')"
                },
                "host": {
                  "apiId": "/providers/Microsoft.PowerApps/apis/shared_commondataserviceforapps",
                  "operationId": "CreateRecord",
                  "connectionName": "shared_commondataserviceforapps"
                }
              },
              "runAfter": {
                "承認者2を取得する": [
                  "Succeeded"
                ]
              },
              "metadata": {
                "operationMetadataId": "51fe3445-f638-4363-a3f0-39b4b2f74e86"
              }
            },
            "配列変数「レコード作成先ユーザー」に追加2": {
              "type": "AppendToArrayVariable",
              "description": "outputs('承認者2を取得する')?['body/fullname'] outputs('承認者2を取得する')?['body/internalemailaddress'] outputs('承認者2を取得する')?['body/systemuserid'] outputs('承認結果に承認者2の行を追加する')?['body/tkd_approvalresultid']",
              "inputs": {
                "name": "レコード作成先ユーザー",
                "value": {
                  "FullName": "@{outputs('承認者2を取得する')?['body/fullname']}",
                  "EmailAddress": "@{outputs('承認者2を取得する')?['body/internalemailaddress']}",
                  "UserGUID": "@{outputs('承認者2を取得する')?['body/systemuserid']}",
                  "ApprovalResultGUID": "@{outputs('承認結果に承認者2の行を追加する')?['body/tkd_approvalresultid']}"
                }
              },
              "runAfter": {
                "承認結果に承認者2の行を追加する": [
                  "Succeeded"
                ]
              }
            }
          },
          "else": {
            "actions": {}
          },
          "runAfter": {
            "承認者2のGUID": [
              "Succeeded"
            ]
          },
          "metadata": {
            "operationMetadataId": "4e446951-ff23-4ef3-a320-7b0ece5b1834"
          }
        },
        "承認者3のGUIDが取得できたら": {
          "type": "If",
          "expression": {
            "and": [
              {
                "not": {
                  "equals": [
                    "@outputs('承認者3のGUID')",
                    "@null"
                  ]
                }
              },
              {
                "not": {
                  "equals": [
                    "@outputs('承認者3のGUID')",
                    ""
                  ]
                }
              }
            ]
          },
          "actions": {
            "承認者3を取得する": {
              "type": "OpenApiConnection",
              "inputs": {
                "parameters": {
                  "entityName": "systemusers",
                  "recordId": "@outputs('承認者3のGUID')"
                },
                "host": {
                  "apiId": "/providers/Microsoft.PowerApps/apis/shared_commondataserviceforapps",
                  "operationId": "GetItem",
                  "connectionName": "shared_commondataserviceforapps"
                }
              },
              "metadata": {
                "operationMetadataId": "40e464f1-78af-4a21-bbbb-30e2ae6a5a19"
              }
            },
            "承認結果に承認者3の行を追加する": {
              "type": "OpenApiConnection",
              "description": "last(split(outputs('承認者3を取得する')?['body/@odata.id'], '/')) add(length(variables('レコード作成先ユーザー')), 1) last(split(outputs('申請レコードを取得する')?['body/@odata.id'], '/'))",
              "inputs": {
                "parameters": {
                  "entityName": "tkd_approvalresults",
                  "item/tkd_approvalstatus": 0,
                  "item/tkd_Approver@odata.bind": "@last(split(outputs('承認者3を取得する')?['body/@odata.id'], '/'))",
                  "item/tkd_approverorder": "@add(length(variables('レコード作成先ユーザー')), 1)",
                  "item/tkd_Application@odata.bind": "@last(split(outputs('申請レコードを取得する')?['body/@odata.id'], '/'))",
                  "item/tkd_summary": "@outputs('承認結果概要の既定値')"
                },
                "host": {
                  "apiId": "/providers/Microsoft.PowerApps/apis/shared_commondataserviceforapps",
                  "operationId": "CreateRecord",
                  "connectionName": "shared_commondataserviceforapps"
                }
              },
              "runAfter": {
                "承認者3を取得する": [
                  "Succeeded"
                ]
              },
              "metadata": {
                "operationMetadataId": "8f394f28-2dbc-465d-b945-78ab42b75339"
              }
            },
            "配列変数「レコード作成先ユーザー」に追加3": {
              "type": "AppendToArrayVariable",
              "description": "outputs('承認者3を取得する')?['body/fullname'] outputs('承認者3を取得する')?['body/internalemailaddress'] outputs('承認者3を取得する')?['body/systemuserid'] outputs('承認結果に承認者3の行を追加する')?['body/tkd_approvalresultid']",
              "inputs": {
                "name": "レコード作成先ユーザー",
                "value": {
                  "FullName": "@{outputs('承認者3を取得する')?['body/fullname']}",
                  "EmailAddress": "@{outputs('承認者3を取得する')?['body/internalemailaddress']}",
                  "UserGUID": "@{outputs('承認者3を取得する')?['body/systemuserid']}",
                  "ApprovalResultGUID": "@{outputs('承認結果に承認者3の行を追加する')?['body/tkd_approvalresultid']}"
                }
              },
              "runAfter": {
                "承認結果に承認者3の行を追加する": [
                  "Succeeded"
                ]
              }
            }
          },
          "else": {
            "actions": {}
          },
          "runAfter": {
            "承認者3のGUID": [
              "Succeeded"
            ]
          },
          "metadata": {
            "operationMetadataId": "0d711203-2c3b-4877-be1e-0085c94ab3f0"
          }
        },
        "承認者4のGUIDが取得できたら": {
          "type": "If",
          "expression": {
            "and": [
              {
                "not": {
                  "equals": [
                    "@outputs('承認者4のGUID')",
                    "@null"
                  ]
                }
              },
              {
                "not": {
                  "equals": [
                    "@outputs('承認者4のGUID')",
                    ""
                  ]
                }
              }
            ]
          },
          "actions": {
            "承認者4を取得する": {
              "type": "OpenApiConnection",
              "inputs": {
                "parameters": {
                  "entityName": "systemusers",
                  "recordId": "@outputs('承認者4のGUID')"
                },
                "host": {
                  "apiId": "/providers/Microsoft.PowerApps/apis/shared_commondataserviceforapps",
                  "operationId": "GetItem",
                  "connectionName": "shared_commondataserviceforapps"
                }
              },
              "metadata": {
                "operationMetadataId": "cbd05ee1-58f2-48e5-bac8-dec26c028a4c"
              }
            },
            "承認結果に承認者4の行を追加する": {
              "type": "OpenApiConnection",
              "description": "last(split(outputs('承認者4を取得する')?['body/@odata.id'], '/')) add(length(variables('レコード作成先ユーザー')), 1) last(split(outputs('申請レコードを取得する')?['body/@odata.id'], '/'))",
              "inputs": {
                "parameters": {
                  "entityName": "tkd_approvalresults",
                  "item/tkd_approvalstatus": 0,
                  "item/tkd_Approver@odata.bind": "@last(split(outputs('承認者4を取得する')?['body/@odata.id'], '/'))",
                  "item/tkd_approverorder": "@add(length(variables('レコード作成先ユーザー')), 1)",
                  "item/tkd_Application@odata.bind": "@last(split(outputs('申請レコードを取得する')?['body/@odata.id'], '/'))",
                  "item/tkd_summary": "@outputs('承認結果概要の既定値')"
                },
                "host": {
                  "apiId": "/providers/Microsoft.PowerApps/apis/shared_commondataserviceforapps",
                  "operationId": "CreateRecord",
                  "connectionName": "shared_commondataserviceforapps"
                }
              },
              "runAfter": {
                "承認者4を取得する": [
                  "Succeeded"
                ]
              },
              "metadata": {
                "operationMetadataId": "1082bf72-7eea-40cb-a171-33b2a989b311"
              }
            },
            "配列変数「レコード作成先ユーザー」に追加4": {
              "type": "AppendToArrayVariable",
              "description": "outputs('承認者4を取得する')?['body/fullname'] outputs('承認者4を取得する')?['body/internalemailaddress'] outputs('承認者4を取得する')?['body/systemuserid'] outputs('承認結果に承認者4の行を追加する')?['body/tkd_approvalresultid']",
              "inputs": {
                "name": "レコード作成先ユーザー",
                "value": {
                  "FullName": "@{outputs('承認者4を取得する')?['body/fullname']}",
                  "EmailAddress": "@{outputs('承認者4を取得する')?['body/internalemailaddress']}",
                  "UserGUID": "@{outputs('承認者4を取得する')?['body/systemuserid']}",
                  "ApprovalResultGUID": "@{outputs('承認結果に承認者4の行を追加する')?['body/tkd_approvalresultid']}"
                }
              },
              "runAfter": {
                "承認結果に承認者4の行を追加する": [
                  "Succeeded"
                ]
              }
            }
          },
          "else": {
            "actions": {}
          },
          "runAfter": {
            "承認者4のGUID": [
              "Succeeded"
            ]
          },
          "metadata": {
            "operationMetadataId": "4a406066-6e4a-47a3-a78c-7a3f9d570c2c"
          }
        },
        "承認者5のGUIDが取得できたら": {
          "type": "If",
          "expression": {
            "and": [
              {
                "not": {
                  "equals": [
                    "@outputs('承認者5のGUID')",
                    "@null"
                  ]
                }
              },
              {
                "not": {
                  "equals": [
                    "@outputs('承認者5のGUID')",
                    ""
                  ]
                }
              }
            ]
          },
          "actions": {
            "承認者5を取得する": {
              "type": "OpenApiConnection",
              "inputs": {
                "parameters": {
                  "entityName": "systemusers",
                  "recordId": "@outputs('承認者5のGUID')"
                },
                "host": {
                  "apiId": "/providers/Microsoft.PowerApps/apis/shared_commondataserviceforapps",
                  "operationId": "GetItem",
                  "connectionName": "shared_commondataserviceforapps"
                }
              },
              "metadata": {
                "operationMetadataId": "307eb800-266f-4f51-8744-44f6ed6dc002"
              }
            },
            "承認結果に承認者5の行を追加する": {
              "type": "OpenApiConnection",
              "description": "last(split(outputs('承認者5を取得する')?['body/@odata.id'], '/')) add(length(variables('レコード作成先ユーザー')), 1) last(split(outputs('申請レコードを取得する')?['body/@odata.id'], '/'))",
              "inputs": {
                "parameters": {
                  "entityName": "tkd_approvalresults",
                  "item/tkd_approvalstatus": 0,
                  "item/tkd_Approver@odata.bind": "@last(split(outputs('承認者5を取得する')?['body/@odata.id'], '/'))",
                  "item/tkd_approverorder": "@add(length(variables('レコード作成先ユーザー')), 1)",
                  "item/tkd_Application@odata.bind": "@last(split(outputs('申請レコードを取得する')?['body/@odata.id'], '/'))",
                  "item/tkd_summary": "@outputs('承認結果概要の既定値')"
                },
                "host": {
                  "apiId": "/providers/Microsoft.PowerApps/apis/shared_commondataserviceforapps",
                  "operationId": "CreateRecord",
                  "connectionName": "shared_commondataserviceforapps"
                }
              },
              "runAfter": {
                "承認者5を取得する": [
                  "Succeeded"
                ]
              },
              "metadata": {
                "operationMetadataId": "4149d302-acc0-4467-a7ed-b40522ccbc16"
              }
            },
            "配列変数「レコード作成先ユーザー」に追加5": {
              "type": "AppendToArrayVariable",
              "description": "outputs('承認者5を取得する')?['body/fullname'] outputs('承認者5を取得する')?['body/internalemailaddress'] outputs('承認者5を取得する')?['body/systemuserid'] outputs('承認結果に承認者5の行を追加する')?['body/tkd_approvalresultid']",
              "inputs": {
                "name": "レコード作成先ユーザー",
                "value": {
                  "FullName": "@{outputs('承認者5を取得する')?['body/fullname']}",
                  "EmailAddress": "@{outputs('承認者5を取得する')?['body/internalemailaddress']}",
                  "UserGUID": "@{outputs('承認者5を取得する')?['body/systemuserid']}",
                  "ApprovalResultGUID": "@{outputs('承認結果に承認者5の行を追加する')?['body/tkd_approvalresultid']}"
                }
              },
              "runAfter": {
                "承認結果に承認者5の行を追加する": [
                  "Succeeded"
                ]
              }
            }
          },
          "else": {
            "actions": {}
          },
          "runAfter": {
            "承認者5のGUID": [
              "Succeeded"
            ]
          },
          "metadata": {
            "operationMetadataId": "bb471fd9-d1b1-462e-8578-0272c5438c66"
          }
        },
        "申請者のGUIDが取得できたら": {
          "type": "If",
          "expression": {
            "and": [
              {
                "not": {
                  "equals": [
                    "@outputs('申請者のGUID')",
                    ""
                  ]
                }
              }
            ]
          },
          "actions": {
            "申請者を取得する": {
              "type": "OpenApiConnection",
              "inputs": {
                "parameters": {
                  "entityName": "systemusers",
                  "recordId": "@outputs('申請者のGUID')"
                },
                "host": {
                  "apiId": "/providers/Microsoft.PowerApps/apis/shared_commondataserviceforapps",
                  "operationId": "GetItem",
                  "connectionName": "shared_commondataserviceforapps"
                }
              },
              "runAfter": {
                "ログを出力する（申請者GUID取得済）": [
                  "SUCCEEDED"
                ]
              },
              "metadata": {
                "operationMetadataId": "4822a7b5-65ec-45c5-8a31-eec072b46856"
              }
            },
            "ログを出力する（申請者GUID取得済）": {
              "type": "OpenApiConnection",
              "inputs": {
                "parameters": {
                  "entityName": "tkd_eventlogs",
                  "item/tkd_loglevel": 2,
                  "item/tkd_eventid": "@workflow()?['run']?['id']",
                  "item/tkd_logcomponent": "@workflow()?['tags']?['flowDisplayName']",
                  "item/tkd_logmessage": "申請者のGUIDを取得しました。",
                  "item/tkd_logcontent": "申請者のGUIDが取得できたら",
                  "item/tkd_logresult": "@outputs('申請者のGUID')"
                },
                "host": {
                  "apiId": "/providers/Microsoft.PowerApps/apis/shared_commondataserviceforapps",
                  "operationId": "CreateRecord",
                  "connectionName": "shared_commondataserviceforapps"
                }
              }
            },
            "ログを出力する（申請者取得済）": {
              "type": "OpenApiConnection",
              "inputs": {
                "parameters": {
                  "entityName": "tkd_eventlogs",
                  "item/tkd_loglevel": 2,
                  "item/tkd_eventid": "@workflow()?['run']?['id']",
                  "item/tkd_logcomponent": "@workflow()?['tags']?['flowDisplayName']",
                  "item/tkd_logmessage": "申請者を取得しました。",
                  "item/tkd_logcontent": "申請者を取得する",
                  "item/tkd_logresult": "@outputs('申請者を取得する')?['body/systemuserid']"
                },
                "host": {
                  "apiId": "/providers/Microsoft.PowerApps/apis/shared_commondataserviceforapps",
                  "operationId": "CreateRecord",
                  "connectionName": "shared_commondataserviceforapps"
                }
              },
              "runAfter": {
                "申請者を取得する": [
                  "SUCCEEDED"
                ]
              }
            }
          },
          "else": {
            "actions": {
              "Respond_to_a_Power_App_or_flow_1": {
                "type": "Response",
                "kind": "PowerApp",
                "inputs": {
                  "schema": {
                    "type": "object",
                    "properties": {
                      "issuccess": {
                        "title": "IsSuccess",
                        "x-ms-dynamically-added": true,
                        "type": "boolean"
                      },
                      "applicationguid": {
                        "title": "ApplicationGUID",
                        "x-ms-dynamically-added": true,
                        "type": "string"
                      },
                      "message": {
                        "title": "Message",
                        "x-ms-dynamically-added": true,
                        "type": "string"
                      }
                    },
                    "additionalProperties": {}
                  },
                  "statusCode": 200,
                  "body": {
                    "issuccess": false,
                    "message": "申請者のGUIDが設定されていないため、レコードの共有処理をスキップしました。"
                  }
                },
                "runAfter": {
                  "ログを出力する（申請者GUID未取得）": [
                    "SUCCEEDED"
                  ]
                },
                "metadata": {
                  "operationMetadataId": "efbf8341-054d-465e-971f-552d5cb4b76e"
                }
              },
              "終了_1": {
                "type": "Terminate",
                "inputs": {
                  "runStatus": "Failed"
                },
                "runAfter": {
                  "Respond_to_a_Power_App_or_flow_1": [
                    "Succeeded"
                  ]
                },
                "metadata": {
                  "operationMetadataId": "6bdbb280-d54b-4f8e-8476-93926e959d00"
                }
              },
              "ログを出力する（申請者GUID未取得）": {
                "type": "OpenApiConnection",
                "inputs": {
                  "parameters": {
                    "entityName": "tkd_eventlogs",
                    "item/tkd_loglevel": 2,
                    "item/tkd_eventid": "@workflow()?['run']?['id']",
                    "item/tkd_logcomponent": "@workflow()?['tags']?['flowDisplayName']",
                    "item/tkd_logmessage": "申請者のGUIDが取得できませんでした。",
                    "item/tkd_logcontent": "申請者のGUIDが取得できたら"
                  },
                  "host": {
                    "apiId": "/providers/Microsoft.PowerApps/apis/shared_commondataserviceforapps",
                    "operationId": "CreateRecord",
                    "connectionName": "shared_commondataserviceforapps"
                  }
                }
              }
            }
          },
          "runAfter": {
            "申請者のGUID": [
              "Succeeded"
            ]
          },
          "metadata": {
            "operationMetadataId": "187f80ea-eefc-4273-ab26-dfdd3e73f5d9"
          }
        },
        "変数「レコード作成先ユーザー」を初期化する": {
          "type": "InitializeVariable",
          "inputs": {
            "variables": [
              {
                "name": "レコード作成先ユーザー",
                "type": "array"
              }
            ]
          },
          "runAfter": {
            "承認経路レコードのGUIDが取得できたら": [
              "Succeeded"
            ]
          }
        },
        "「レコード作成先ユーザー」の要素数が1以上か": {
          "type": "If",
          "description": "length(variables('レコード作成先ユーザー'))",
          "expression": {
            "and": [
              {
                "greaterOrEquals": [
                  "@length(variables('レコード作成先ユーザー'))",
                  1
                ]
              }
            ]
          },
          "actions": {
            "Respond_to_a_Power_App_or_flow_3": {
              "type": "Response",
              "description": "join(variables('レコード作成先ユーザー'),';')",
              "kind": "PowerApp",
              "inputs": {
                "schema": {
                  "type": "object",
                  "properties": {
                    "issuccess": {
                      "title": "IsSuccess",
                      "x-ms-dynamically-added": true,
                      "type": "boolean"
                    },
                    "applicationguid": {
                      "title": "ApplicationGUID",
                      "x-ms-dynamically-added": true,
                      "type": "string"
                    },
                    "message": {
                      "title": "Message",
                      "x-ms-dynamically-added": true,
                      "type": "string"
                    }
                  },
                  "additionalProperties": {}
                },
                "statusCode": 200,
                "body": {
                  "issuccess": true,
                  "applicationguid": "@{outputs('申請レコードのGUID')}",
                  "message": "承認結果レコードを正常に作成・紐づけしました。\n@{join(variables('レコード作成先ユーザー'),';')}"
                }
              },
              "runAfter": {
                "最初の承認者にレコード割り当て・通知を送る": [
                  "Succeeded"
                ]
              },
              "metadata": {
                "operationMetadataId": "b7bfbcce-3f8a-4739-a127-d431f09f7c3b"
              }
            },
            "最初の承認者にレコード割り当て・通知を送る": {
              "type": "Scope",
              "actions": {
                "承認者1の承認結果レコードの承認ステータスを「確認待ち」に更新する": {
                  "type": "OpenApiConnection",
                  "inputs": {
                    "parameters": {
                      "entityName": "tkd_approvalresults",
                      "recordId": "@body('最初の承認者')?['ApprovalResultGUID']",
                      "item/tkd_approvalstatus": 10
                    },
                    "host": {
                      "apiId": "/providers/Microsoft.PowerApps/apis/shared_commondataserviceforapps",
                      "operationId": "UpdateOnlyRecord",
                      "connectionName": "shared_commondataserviceforapps"
                    }
                  },
                  "runAfter": {
                    "承認者1にレコードを共有する": [
                      "Succeeded"
                    ]
                  }
                },
                "承認者1にレコードを共有する": {
                  "type": "OpenApiConnection",
                  "inputs": {
                    "parameters": {
                      "actionName": "GrantAccess",
                      "item/Target": "tkd_approvalresults(@{body('最初の承認者')?['ApprovalResultGUID']})",
                      "item/PrincipalAccess": {
                        "AccessMask": "ReadAccess,WriteAccess",
                        "Principal": {
                          "@{string('@odata.type')}": "Microsoft.Dynamics.CRM.systemuser",
                          "systemuserid": "@{body('最初の承認者')?['UserGUID']}"
                        }
                      }
                    },
                    "host": {
                      "apiId": "/providers/Microsoft.PowerApps/apis/shared_commondataserviceforapps",
                      "operationId": "PerformUnboundAction",
                      "connectionName": "shared_commondataserviceforapps"
                    }
                  },
                  "runAfter": {
                    "最初の承認者": [
                      "Succeeded"
                    ]
                  },
                  "metadata": {
                    "operationMetadataId": "b5807f34-975a-42f1-9d6c-a8e963fd3c58"
                  }
                },
                "通知先のメールアドレス": {
                  "type": "Compose",
                  "inputs": "@body('最初の承認者')?['EmailAddress']",
                  "runAfter": {
                    "承認者1の承認結果レコードの承認ステータスを「確認待ち」に更新する": [
                      "Succeeded"
                    ]
                  }
                },
                "通知するアプリURL": {
                  "type": "Compose",
                  "inputs": "@{parameters('環境URL (tkd_EnvironmentURL)')}/main.aspx?appid=@{parameters('承認アプリGUID (tkd_ApprovalAppGUID)')}&pagetype=entityrecord&etn=tkd_approvalresult&id=@{body('最初の承認者')?['ApprovalResultGUID']}",
                  "runAfter": {
                    "通知先のメールアドレス": [
                      "Succeeded"
                    ]
                  }
                },
                "最初の承認者": {
                  "type": "ParseJson",
                  "description": "first(variables('レコード作成先ユーザー'))",
                  "inputs": {
                    "content": "@first(variables('レコード作成先ユーザー'))",
                    "schema": {
                      "type": "object",
                      "properties": {
                        "FullName": {
                          "type": "string"
                        },
                        "EmailAddress": {
                          "type": "string"
                        },
                        "UserGUID": {
                          "type": "string"
                        },
                        "ApprovalResultGUID": {
                          "type": "string"
                        }
                      }
                    }
                  }
                },
                "承認者に通知する": {
                  "type": "OpenApiConnection",
                  "inputs": {
                    "parameters": {
                      "poster": "Flow bot",
                      "location": "Chat with Flow bot",
                      "body/recipient": "@outputs('通知先のメールアドレス')",
                      "body/messageBody": "<p class=\"editor-paragraph\">【承認依頼】以下の申請が提出されました。</p><br><p class=\"editor-paragraph\">件　名：@{outputs('申請レコードを取得する')?['body/tkd_subject']}</p><br><p class=\"editor-paragraph\">区　分：@{outputs('申請レコードを取得する')?['body/tkd_applicationtype']}</p><br><p class=\"editor-paragraph\">申請日：@{outputs('申請レコードを取得する')?['body/tkd_appliedon']}</p><p class=\"editor-paragraph\">申請者：@{outputs('申請者を取得する')?['body/fullname']}（@{outputs('申請者を取得する')?['body/internalemailaddress']}）</p><p class=\"editor-paragraph\">優先度：@{outputs('申請レコードを取得する')?['body/tkd_piority']}</p><br><p class=\"editor-paragraph\">概　要：@{outputs('申請レコードを取得する')?['body/tkd_summary']}</p><br><p class=\"editor-paragraph\">リンク：@{outputs('通知するアプリURL')}</p>"
                    },
                    "host": {
                      "apiId": "/providers/Microsoft.PowerApps/apis/shared_teams",
                      "operationId": "PostMessageToConversation",
                      "connectionName": "shared_teams-1"
                    }
                  },
                  "runAfter": {
                    "通知するアプリURL": [
                      "Succeeded"
                    ]
                  }
                }
              }
            }
          },
          "else": {
            "actions": {
              "Respond_to_a_Power_App_or_flow_4": {
                "type": "Response",
                "kind": "PowerApp",
                "inputs": {
                  "schema": {
                    "type": "object",
                    "properties": {
                      "issuccess": {
                        "title": "IsSuccess",
                        "x-ms-dynamically-added": true,
                        "type": "boolean"
                      },
                      "applicationguid": {
                        "title": "ApplicationGUID",
                        "x-ms-dynamically-added": true,
                        "type": "string"
                      },
                      "message": {
                        "title": "Message",
                        "x-ms-dynamically-added": true,
                        "type": "string"
                      }
                    },
                    "additionalProperties": {}
                  },
                  "statusCode": 200,
                  "body": {
                    "issuccess": false,
                    "applicationguid": "@{outputs('申請レコードのGUID')}",
                    "message": "承認結果レコードの作成・紐づけに失敗しました。"
                  }
                },
                "metadata": {
                  "operationMetadataId": "64527af8-ce88-490b-8793-345eef7663c0"
                }
              }
            }
          },
          "runAfter": {
            "承認者5のGUIDが取得できたら": [
              "Succeeded"
            ]
          }
        },
        "承認結果概要の既定値": {
          "type": "Compose",
          "inputs": "「承認ステータス」と、この「承認結果概要」を変更して保存してください。",
          "runAfter": {
            "ログを出力する（フロー開始）": [
              "SUCCEEDED"
            ]
          }
        },
        "ログを出力する（フロー開始）": {
          "type": "OpenApiConnection",
          "inputs": {
            "parameters": {
              "entityName": "tkd_eventlogs",
              "item/tkd_loglevel": 2,
              "item/tkd_eventid": "@workflow()?['run']?['id']",
              "item/tkd_logcomponent": "@workflow()?['tags']?['flowDisplayName']",
              "item/tkd_logmessage": "フロー「@{workflow()?['tags']?['flowDisplayName']}」を開始しました。",
              "item/tkd_logcontent": "フローを手動でトリガーする",
              "item/tkd_logresult": "@workflow()"
            },
            "host": {
              "apiId": "/providers/Microsoft.PowerApps/apis/shared_commondataserviceforapps",
              "operationId": "CreateRecord",
              "connectionName": "shared_commondataserviceforapps"
            }
          },
          "runAfter": {}
        }
      }
    },
    "templateName": null
  },
  "schemaVersion": "1.0.0.0"
}