{
  "properties": {
    "connectionReferences": {
      "shared_commondataserviceforapps": {
        "api": {
          "name": "shared_commondataserviceforapps"
        },
        "connection": {
          "connectionReferenceLogicalName": "tkd_sharedcommondataserviceforapps_d097f"
        },
        "runtimeSource": "embedded"
      }
    },
    "definition": {
      "$schema": "https://schema.management.azure.com/providers/Microsoft.Logic/schemas/2016-06-01/workflowdefinition.json#",
      "contentVersion": "1.0.0.0",
      "parameters": {
        "$authentication": {
          "defaultValue": {},
          "type": "SecureObject"
        },
        "$connections": {
          "defaultValue": {},
          "type": "Object"
        }
      },
      "triggers": {
        "manual": {
          "type": "Request",
          "kind": "Button",
          "inputs": {
            "schema": {
              "type": "object",
              "properties": {
                "text": {
                  "title": "申請レコードGUID",
                  "type": "string",
                  "x-ms-dynamically-added": true,
                  "description": "申請レコードのGUIDを指定してください",
                  "x-ms-content-hint": "TEXT"
                }
              },
              "required": [
                "text"
              ]
            }
          },
          "metadata": {
            "operationMetadataId": "aa09e3f6-adb0-4255-bdbb-b5bbec6954b2"
          }
        }
      },
      "actions": {
        "申請レコードのGUID": {
          "type": "Compose",
          "description": "if(empty(coalesce(triggerBody()?['text'], '')), '', triggerBody()['text'])",
          "inputs": "@if(empty(coalesce(triggerBody()?['text'], '')), '', triggerBody()['text'])",
          "runAfter": {
            "ログを出力する（フロー開始）": [
              "Succeeded"
            ]
          },
          "metadata": {
            "operationMetadataId": "68d392dd-5988-41df-92f9-22ac2823ddce"
          }
        },
        "申請レコードのGUIDが取得できたら": {
          "type": "If",
          "expression": {
            "not": {
              "equals": [
                "@outputs('申請レコードのGUID')",
                ""
              ]
            }
          },
          "actions": {
            "申請レコードを取得する": {
              "type": "OpenApiConnection",
              "inputs": {
                "parameters": {
                  "entityName": "tkd_applications",
                  "recordId": "@outputs('申請レコードのGUID')"
                },
                "host": {
                  "apiId": "/providers/Microsoft.PowerApps/apis/shared_commondataserviceforapps",
                  "operationId": "GetItem",
                  "connectionName": "shared_commondataserviceforapps"
                }
              },
              "runAfter": {
                "ログを出力する（申請GUID取得済）": [
                  "Succeeded"
                ]
              },
              "metadata": {
                "operationMetadataId": "d003d48b-b98b-45d6-a5a4-86ea76a9a0f3"
              }
            },
            "ログを出力する（申請GUID取得済）": {
              "type": "OpenApiConnection",
              "inputs": {
                "parameters": {
                  "entityName": "tkd_eventlogs",
                  "item/tkd_loglevel": 2,
                  "item/tkd_eventid": "@workflow()?['run']?['id']",
                  "item/tkd_logcomponent": "@workflow()?['tags']?['flowDisplayName']",
                  "item/tkd_logmessage": "申請レコードのGUIDが取得しました。",
                  "item/tkd_logcontent": "申請レコードのGUIDが取得できたら"
                },
                "host": {
                  "apiId": "/providers/Microsoft.PowerApps/apis/shared_commondataserviceforapps",
                  "operationId": "CreateRecord",
                  "connectionName": "shared_commondataserviceforapps"
                }
              }
            },
            "ログを出力する（申請レコード取得）": {
              "type": "OpenApiConnection",
              "inputs": {
                "parameters": {
                  "entityName": "tkd_eventlogs",
                  "item/tkd_loglevel": 2,
                  "item/tkd_eventid": "@workflow()?['run']?['id']",
                  "item/tkd_logcomponent": "@workflow()?['tags']?['flowDisplayName']",
                  "item/tkd_logmessage": "申請レコードを取得しました。",
                  "item/tkd_logcontent": "申請レコードを取得する",
                  "item/tkd_logresult": "@outputs('申請レコードを取得する')?['body/tkd_applicationid']"
                },
                "host": {
                  "apiId": "/providers/Microsoft.PowerApps/apis/shared_commondataserviceforapps",
                  "operationId": "CreateRecord",
                  "connectionName": "shared_commondataserviceforapps"
                }
              },
              "runAfter": {
                "申請レコードを取得する": [
                  "Succeeded"
                ]
              }
            }
          },
          "else": {
            "actions": {
              "Respond_to_a_Power_App_or_flow": {
                "type": "Response",
                "kind": "PowerApp",
                "inputs": {
                  "schema": {
                    "type": "object",
                    "properties": {
                      "issuccess": {
                        "title": "IsSuccess",
                        "x-ms-dynamically-added": true,
                        "type": "boolean"
                      },
                      "applicationguid": {
                        "title": "ApplicationGUID",
                        "x-ms-dynamically-added": true,
                        "type": "string"
                      },
                      "message": {
                        "title": "Message",
                        "x-ms-dynamically-added": true,
                        "type": "string"
                      }
                    },
                    "additionalProperties": {}
                  },
                  "statusCode": 200,
                  "body": {
                    "issuccess": false,
                    "message": "申請レコードのGUIDが設定されていないため、レコードの共有処理をスキップしました。"
                  }
                },
                "runAfter": {
                  "ログを出力する（申請GUID未取得）": [
                    "Succeeded"
                  ]
                },
                "metadata": {
                  "operationMetadataId": "efbf8341-054d-465e-971f-552d5cb4b76e"
                }
              },
              "終了": {
                "type": "Terminate",
                "inputs": {
                  "runStatus": "Failed"
                },
                "runAfter": {
                  "Respond_to_a_Power_App_or_flow": [
                    "Succeeded"
                  ]
                },
                "metadata": {
                  "operationMetadataId": "6bdbb280-d54b-4f8e-8476-93926e959d00"
                }
              },
              "ログを出力する（申請GUID未取得）": {
                "type": "OpenApiConnection",
                "inputs": {
                  "parameters": {
                    "entityName": "tkd_eventlogs",
                    "item/tkd_loglevel": 2,
                    "item/tkd_eventid": "@workflow()?['run']?['id']",
                    "item/tkd_logcomponent": "@workflow()?['tags']?['flowDisplayName']",
                    "item/tkd_logmessage": "申請レコードのGUIDが取得できませんでした。",
                    "item/tkd_logcontent": "申請レコードのGUIDが取得できたら"
                  },
                  "host": {
                    "apiId": "/providers/Microsoft.PowerApps/apis/shared_commondataserviceforapps",
                    "operationId": "CreateRecord",
                    "connectionName": "shared_commondataserviceforapps"
                  }
                }
              }
            }
          },
          "runAfter": {
            "申請レコードのGUID": [
              "Succeeded"
            ]
          },
          "metadata": {
            "operationMetadataId": "034a5121-fbf6-4aba-ac32-63ec1ffba8aa"
          }
        },
        "承認経路レコードのGUIDが取得できたら": {
          "type": "If",
          "expression": {
            "not": {
              "equals": [
                "@outputs('承認経路レコードのGUID')",
                ""
              ]
            }
          },
          "actions": {
            "承認経路レコードを取得する": {
              "type": "OpenApiConnection",
              "inputs": {
                "parameters": {
                  "entityName": "tkd_approvalroutes",
                  "recordId": "@outputs('承認経路レコードのGUID')"
                },
                "host": {
                  "apiId": "/providers/Microsoft.PowerApps/apis/shared_commondataserviceforapps",
                  "operationId": "GetItem",
                  "connectionName": "shared_commondataserviceforapps"
                }
              },
              "runAfter": {
                "ログを出力する（承認経路GUID取得済）": [
                  "SUCCEEDED"
                ]
              },
              "metadata": {
                "operationMetadataId": "367b754e-c9c2-43bc-b17f-634f3f0d237c"
              }
            },
            "ログを出力する（承認経路GUID取得済）": {
              "type": "OpenApiConnection",
              "inputs": {
                "parameters": {
                  "entityName": "tkd_eventlogs",
                  "item/tkd_loglevel": 2,
                  "item/tkd_eventid": "@workflow()?['run']?['id']",
                  "item/tkd_logcomponent": "@workflow()?['tags']?['flowDisplayName']",
                  "item/tkd_logmessage": "承認経路のGUIDを取得しました。",
                  "item/tkd_logcontent": "承認経路レコードのGUIDが取得できたら"
                },
                "host": {
                  "apiId": "/providers/Microsoft.PowerApps/apis/shared_commondataserviceforapps",
                  "operationId": "CreateRecord",
                  "connectionName": "shared_commondataserviceforapps"
                }
              }
            },
            "ログを出力する（承認経路レコード取得）": {
              "type": "OpenApiConnection",
              "inputs": {
                "parameters": {
                  "entityName": "tkd_eventlogs",
                  "item/tkd_loglevel": 2,
                  "item/tkd_eventid": "@workflow()?['run']?['id']",
                  "item/tkd_logcomponent": "@workflow()?['tags']?['flowDisplayName']",
                  "item/tkd_logmessage": "承認経路レコードを取得しました。",
                  "item/tkd_logcontent": "承認経路レコードを取得する"
                },
                "host": {
                  "apiId": "/providers/Microsoft.PowerApps/apis/shared_commondataserviceforapps",
                  "operationId": "CreateRecord",
                  "connectionName": "shared_commondataserviceforapps"
                }
              },
              "runAfter": {
                "承認経路レコードを取得する": [
                  "SUCCEEDED"
                ]
              }
            }
          },
          "else": {
            "actions": {
              "Respond_to_a_Power_App_or_flow_2": {
                "type": "Response",
                "kind": "PowerApp",
                "inputs": {
                  "schema": {
                    "type": "object",
                    "properties": {
                      "issuccess": {
                        "title": "IsSuccess",
                        "x-ms-dynamically-added": true,
                        "type": "boolean"
                      },
                      "applicationguid": {
                        "title": "ApplicationGUID",
                        "x-ms-dynamically-added": true,
                        "type": "string"
                      },
                      "message": {
                        "title": "Message",
                        "x-ms-dynamically-added": true,
                        "type": "string"
                      }
                    },
                    "additionalProperties": {}
                  },
                  "statusCode": 200,
                  "body": {
                    "issuccess": false,
                    "applicationguid": "@{outputs('申請レコードのGUID')}",
                    "message": "承認経路レコードのGUIDが設定されていないため、レコードの共有処理をスキップしました。"
                  }
                },
                "runAfter": {
                  "ログを出力する（承認経路GUID未取得）": [
                    "SUCCEEDED"
                  ]
                },
                "metadata": {
                  "operationMetadataId": "64527af8-ce88-490b-8793-345eef7663c0"
                }
              },
              "終了_2": {
                "type": "Terminate",
                "inputs": {
                  "runStatus": "Failed"
                },
                "runAfter": {
                  "Respond_to_a_Power_App_or_flow_2": [
                    "Succeeded"
                  ]
                },
                "metadata": {
                  "operationMetadataId": "177bfcc8-8c62-4394-8131-0d25b704b29f"
                }
              },
              "ログを出力する（承認経路GUID未取得）": {
                "type": "OpenApiConnection",
                "inputs": {
                  "parameters": {
                    "entityName": "tkd_eventlogs",
                    "item/tkd_loglevel": 2,
                    "item/tkd_eventid": "@workflow()?['run']?['id']",
                    "item/tkd_logcomponent": "@workflow()?['tags']?['flowDisplayName']",
                    "item/tkd_logmessage": "承認経路のGUIDが取得できませんでした。",
                    "item/tkd_logcontent": "承認経路レコードのGUIDが取得できたら"
                  },
                  "host": {
                    "apiId": "/providers/Microsoft.PowerApps/apis/shared_commondataserviceforapps",
                    "operationId": "CreateRecord",
                    "connectionName": "shared_commondataserviceforapps"
                  }
                }
              }
            }
          },
          "runAfter": {
            "承認経路レコードのGUID": [
              "Succeeded"
            ]
          },
          "metadata": {
            "operationMetadataId": "1b524ec1-ad58-4098-980e-fdf9bdf1097f"
          }
        },
        "承認経路レコードのGUID": {
          "type": "Compose",
          "inputs": "@outputs('申請レコードを取得する')?['body/_tkd_approvalroute_value']",
          "runAfter": {
            "申請者のGUIDが取得できたら": [
              "Succeeded"
            ]
          },
          "metadata": {
            "operationMetadataId": "70ccc6dd-671b-4ddf-9058-b51f877f0b04"
          }
        },
        "申請者のGUID": {
          "type": "Compose",
          "inputs": "@outputs('申請レコードを取得する')?['body/_tkd_appliedby_value']",
          "runAfter": {
            "Target指定用の申請レコードID": [
              "Succeeded"
            ]
          },
          "metadata": {
            "operationMetadataId": "ffd03517-7fce-4c95-bdae-2ac0e92d753f"
          }
        },
        "承認者1のGUID": {
          "type": "Compose",
          "inputs": "@outputs('承認経路レコードを取得する')?['body/_tkd_approver1_value']",
          "runAfter": {
            "変数「レコード共有先ユーザー」を初期化する": [
              "Succeeded"
            ]
          },
          "metadata": {
            "operationMetadataId": "d685b5f6-446a-41e9-9683-85098f0a07f5"
          }
        },
        "承認者2のGUID": {
          "type": "Compose",
          "inputs": "@outputs('承認経路レコードを取得する')?['body/_tkd_approver2_value']",
          "runAfter": {
            "承認者1のGUIDが取得できたら": [
              "Succeeded"
            ]
          },
          "metadata": {
            "operationMetadataId": "32db1cd6-2080-423f-9610-3ad390d4e279"
          }
        },
        "承認者3のGUID": {
          "type": "Compose",
          "inputs": "@outputs('承認経路レコードを取得する')?['body/_tkd_approver3_value']",
          "runAfter": {
            "承認者2のGUIDが取得できたら": [
              "Succeeded"
            ]
          },
          "metadata": {
            "operationMetadataId": "0dc09b66-24f0-4414-ba56-e5444cab3688"
          }
        },
        "承認者4のGUID": {
          "type": "Compose",
          "inputs": "@outputs('承認経路レコードを取得する')?['body/_tkd_approver4_value']",
          "runAfter": {
            "承認者3のGUIDが取得できたら": [
              "Succeeded"
            ]
          },
          "metadata": {
            "operationMetadataId": "fb6092c5-2568-4a53-8da9-e8dbbe9d64b9"
          }
        },
        "承認者5のGUID": {
          "type": "Compose",
          "inputs": "@outputs('承認経路レコードを取得する')?['body/_tkd_approver5_value']",
          "runAfter": {
            "承認者4のGUIDが取得できたら": [
              "Succeeded"
            ]
          },
          "metadata": {
            "operationMetadataId": "c2868163-9f02-4bdc-8531-5994d3b904e3"
          }
        },
        "承認者1のGUIDが取得できたら": {
          "type": "If",
          "expression": {
            "and": [
              {
                "not": {
                  "equals": [
                    "@outputs('承認者1のGUID')",
                    "@null"
                  ]
                }
              },
              {
                "not": {
                  "equals": [
                    "@outputs('承認者1のGUID')",
                    ""
                  ]
                }
              }
            ]
          },
          "actions": {
            "承認者1を取得する": {
              "type": "OpenApiConnection",
              "inputs": {
                "parameters": {
                  "entityName": "systemusers",
                  "recordId": "@outputs('承認者1のGUID')"
                },
                "host": {
                  "apiId": "/providers/Microsoft.PowerApps/apis/shared_commondataserviceforapps",
                  "operationId": "GetItem",
                  "connectionName": "shared_commondataserviceforapps"
                }
              },
              "metadata": {
                "operationMetadataId": "8537fa9b-61e5-4933-86a5-61dd0399acca"
              }
            },
            "承認者1にレコードを共有する": {
              "type": "OpenApiConnection",
              "inputs": {
                "parameters": {
                  "actionName": "GrantAccess",
                  "item/Target": "@outputs('Target指定用の申請レコードID')",
                  "item/PrincipalAccess": {
                    "AccessMask": "ReadAccess,AppendToAccess",
                    "Principal": {
                      "@{string('@odata.type')}": "Microsoft.Dynamics.CRM.systemuser",
                      "systemuserid": "@{outputs('承認者1のGUID')}"
                    }
                  }
                },
                "host": {
                  "apiId": "/providers/Microsoft.PowerApps/apis/shared_commondataserviceforapps",
                  "operationId": "PerformUnboundAction",
                  "connectionName": "shared_commondataserviceforapps"
                }
              },
              "runAfter": {
                "承認者1を取得する": [
                  "Succeeded"
                ]
              }
            },
            "配列変数「レコード共有先ユーザー」に追加1": {
              "type": "AppendToArrayVariable",
              "description": "outputs('承認者1を取得する')?['body/fullname'] outputs('承認者1を取得する')?['body/internalemailaddress'] outputs('承認者1を取得する')?['body/systemuserid']",
              "inputs": {
                "name": "レコード共有先ユーザー",
                "value": "@{outputs('承認者1を取得する')?['body/fullname']} (@{outputs('承認者1を取得する')?['body/internalemailaddress']} @{outputs('承認者1を取得する')?['body/systemuserid']})"
              },
              "runAfter": {
                "承認者1にレコードを共有する": [
                  "Succeeded"
                ]
              }
            }
          },
          "else": {
            "actions": {
              "ログを出力する（承認者1GUID未取得）": {
                "type": "OpenApiConnection",
                "inputs": {
                  "parameters": {
                    "entityName": "tkd_eventlogs",
                    "item/tkd_loglevel": 2,
                    "item/tkd_eventid": "@workflow()?['run']?['id']",
                    "item/tkd_logcomponent": "@workflow()?['tags']?['flowDisplayName']",
                    "item/tkd_userinformation": "@outputs('申請者を取得する')?['body/internalemailaddress']",
                    "item/tkd_logmessage": "申請者1のGUIDが取得できませんでした。",
                    "item/tkd_logcontent": "申請者1のGUIDが取得できたら"
                  },
                  "host": {
                    "apiId": "/providers/Microsoft.PowerApps/apis/shared_commondataserviceforapps",
                    "operationId": "CreateRecord",
                    "connectionName": "shared_commondataserviceforapps"
                  }
                }
              }
            }
          },
          "runAfter": {
            "承認者1のGUID": [
              "Succeeded"
            ]
          },
          "metadata": {
            "operationMetadataId": "187f80ea-eefc-4273-ab26-dfdd3e73f5d9"
          }
        },
        "承認者2のGUIDが取得できたら": {
          "type": "If",
          "expression": {
            "and": [
              {
                "not": {
                  "equals": [
                    "@outputs('承認者2のGUID')",
                    "@null"
                  ]
                }
              },
              {
                "not": {
                  "equals": [
                    "@outputs('承認者2のGUID')",
                    ""
                  ]
                }
              }
            ]
          },
          "actions": {
            "承認者2を取得する": {
              "type": "OpenApiConnection",
              "inputs": {
                "parameters": {
                  "entityName": "systemusers",
                  "recordId": "@outputs('承認者2のGUID')"
                },
                "host": {
                  "apiId": "/providers/Microsoft.PowerApps/apis/shared_commondataserviceforapps",
                  "operationId": "GetItem",
                  "connectionName": "shared_commondataserviceforapps"
                }
              },
              "metadata": {
                "operationMetadataId": "cabdaae8-1de6-4470-8819-31af9ce6b613"
              }
            },
            "承認者2にレコードを共有する": {
              "type": "OpenApiConnection",
              "inputs": {
                "parameters": {
                  "actionName": "GrantAccess",
                  "item/Target": "@outputs('Target指定用の申請レコードID')",
                  "item/PrincipalAccess": {
                    "AccessMask": "ReadAccess,AppendToAccess",
                    "Principal": {
                      "@{string('@odata.type')}": "Microsoft.Dynamics.CRM.systemuser",
                      "systemuserid": "@{outputs('承認者2のGUID')}"
                    }
                  }
                },
                "host": {
                  "apiId": "/providers/Microsoft.PowerApps/apis/shared_commondataserviceforapps",
                  "operationId": "PerformUnboundAction",
                  "connectionName": "shared_commondataserviceforapps"
                }
              },
              "runAfter": {
                "承認者2を取得する": [
                  "Succeeded"
                ]
              }
            },
            "配列変数「レコード共有先ユーザー」に追加2": {
              "type": "AppendToArrayVariable",
              "description": "outputs('承認者2を取得する')?['body/fullname'] outputs('承認者2を取得する')?['body/internalemailaddress'] outputs('承認者2を取得する')?['body/systemuserid']",
              "inputs": {
                "name": "レコード共有先ユーザー",
                "value": "@{outputs('承認者2を取得する')?['body/fullname']} (@{outputs('承認者2を取得する')?['body/internalemailaddress']} @{outputs('承認者2を取得する')?['body/systemuserid']})"
              },
              "runAfter": {
                "承認者2にレコードを共有する": [
                  "Succeeded"
                ]
              }
            }
          },
          "else": {
            "actions": {
              "ログを出力する（承認者2GUID未取得）": {
                "type": "OpenApiConnection",
                "inputs": {
                  "parameters": {
                    "entityName": "tkd_eventlogs",
                    "item/tkd_loglevel": 2,
                    "item/tkd_eventid": "@workflow()?['run']?['id']",
                    "item/tkd_logcomponent": "@workflow()?['tags']?['flowDisplayName']",
                    "item/tkd_userinformation": "@outputs('申請者を取得する')?['body/internalemailaddress']",
                    "item/tkd_logmessage": "申請者2のGUIDが取得できませんでした。",
                    "item/tkd_logcontent": "申請者2のGUIDが取得できたら"
                  },
                  "host": {
                    "apiId": "/providers/Microsoft.PowerApps/apis/shared_commondataserviceforapps",
                    "operationId": "CreateRecord",
                    "connectionName": "shared_commondataserviceforapps"
                  }
                }
              }
            }
          },
          "runAfter": {
            "承認者2のGUID": [
              "Succeeded"
            ]
          },
          "metadata": {
            "operationMetadataId": "4e446951-ff23-4ef3-a320-7b0ece5b1834"
          }
        },
        "承認者3のGUIDが取得できたら": {
          "type": "If",
          "expression": {
            "and": [
              {
                "not": {
                  "equals": [
                    "@outputs('承認者3のGUID')",
                    "@null"
                  ]
                }
              },
              {
                "not": {
                  "equals": [
                    "@outputs('承認者3のGUID')",
                    ""
                  ]
                }
              }
            ]
          },
          "actions": {
            "承認者3を取得する": {
              "type": "OpenApiConnection",
              "inputs": {
                "parameters": {
                  "entityName": "systemusers",
                  "recordId": "@outputs('承認者3のGUID')"
                },
                "host": {
                  "apiId": "/providers/Microsoft.PowerApps/apis/shared_commondataserviceforapps",
                  "operationId": "GetItem",
                  "connectionName": "shared_commondataserviceforapps"
                }
              },
              "metadata": {
                "operationMetadataId": "40e464f1-78af-4a21-bbbb-30e2ae6a5a19"
              }
            },
            "承認者3にレコードを共有する": {
              "type": "OpenApiConnection",
              "inputs": {
                "parameters": {
                  "actionName": "GrantAccess",
                  "item/Target": "@outputs('Target指定用の申請レコードID')",
                  "item/PrincipalAccess": {
                    "AccessMask": "ReadAccess,AppendToAccess",
                    "Principal": {
                      "@{string('@odata.type')}": "Microsoft.Dynamics.CRM.systemuser",
                      "systemuserid": "@{outputs('承認者3のGUID')}"
                    }
                  }
                },
                "host": {
                  "apiId": "/providers/Microsoft.PowerApps/apis/shared_commondataserviceforapps",
                  "operationId": "PerformUnboundAction",
                  "connectionName": "shared_commondataserviceforapps"
                }
              },
              "runAfter": {
                "承認者3を取得する": [
                  "Succeeded"
                ]
              }
            },
            "配列変数「レコード共有先ユーザー」に追加3": {
              "type": "AppendToArrayVariable",
              "description": "outputs('承認者3を取得する')?['body/fullname'] outputs('承認者3を取得する')?['body/internalemailaddress'] outputs('承認者3を取得する')?['body/systemuserid']",
              "inputs": {
                "name": "レコード共有先ユーザー",
                "value": "@{outputs('承認者3を取得する')?['body/fullname']} (@{outputs('承認者3を取得する')?['body/internalemailaddress']} @{outputs('承認者3を取得する')?['body/systemuserid']})"
              },
              "runAfter": {
                "承認者3にレコードを共有する": [
                  "Succeeded"
                ]
              }
            }
          },
          "else": {
            "actions": {
              "ログを出力する（承認者3GUID未取得）": {
                "type": "OpenApiConnection",
                "inputs": {
                  "parameters": {
                    "entityName": "tkd_eventlogs",
                    "item/tkd_loglevel": 2,
                    "item/tkd_eventid": "@workflow()?['run']?['id']",
                    "item/tkd_logcomponent": "@workflow()?['tags']?['flowDisplayName']",
                    "item/tkd_userinformation": "@outputs('申請者を取得する')?['body/internalemailaddress']",
                    "item/tkd_logmessage": "申請者3のGUIDが取得できませんでした。",
                    "item/tkd_logcontent": "申請者3のGUIDが取得できたら"
                  },
                  "host": {
                    "apiId": "/providers/Microsoft.PowerApps/apis/shared_commondataserviceforapps",
                    "operationId": "CreateRecord",
                    "connectionName": "shared_commondataserviceforapps"
                  }
                }
              }
            }
          },
          "runAfter": {
            "承認者3のGUID": [
              "Succeeded"
            ]
          },
          "metadata": {
            "operationMetadataId": "0d711203-2c3b-4877-be1e-0085c94ab3f0"
          }
        },
        "承認者4のGUIDが取得できたら": {
          "type": "If",
          "expression": {
            "and": [
              {
                "not": {
                  "equals": [
                    "@outputs('承認者4のGUID')",
                    "@null"
                  ]
                }
              },
              {
                "not": {
                  "equals": [
                    "@outputs('承認者4のGUID')",
                    ""
                  ]
                }
              }
            ]
          },
          "actions": {
            "承認者4を取得する": {
              "type": "OpenApiConnection",
              "inputs": {
                "parameters": {
                  "entityName": "systemusers",
                  "recordId": "@outputs('承認者4のGUID')"
                },
                "host": {
                  "apiId": "/providers/Microsoft.PowerApps/apis/shared_commondataserviceforapps",
                  "operationId": "GetItem",
                  "connectionName": "shared_commondataserviceforapps"
                }
              },
              "metadata": {
                "operationMetadataId": "cbd05ee1-58f2-48e5-bac8-dec26c028a4c"
              }
            },
            "承認者4にレコードを共有する": {
              "type": "OpenApiConnection",
              "inputs": {
                "parameters": {
                  "actionName": "GrantAccess",
                  "item/Target": "@outputs('Target指定用の申請レコードID')",
                  "item/PrincipalAccess": {
                    "AccessMask": "ReadAccess,AppendToAccess",
                    "Principal": {
                      "@{string('@odata.type')}": "Microsoft.Dynamics.CRM.systemuser",
                      "systemuserid": "@{outputs('承認者4のGUID')}"
                    }
                  }
                },
                "host": {
                  "apiId": "/providers/Microsoft.PowerApps/apis/shared_commondataserviceforapps",
                  "operationId": "PerformUnboundAction",
                  "connectionName": "shared_commondataserviceforapps"
                }
              },
              "runAfter": {
                "承認者4を取得する": [
                  "Succeeded"
                ]
              }
            },
            "配列変数「レコード共有先ユーザー」に追加4": {
              "type": "AppendToArrayVariable",
              "description": "outputs('承認者4を取得する')?['body/fullname'] outputs('承認者4を取得する')?['body/internalemailaddress'] outputs('承認者4を取得する')?['body/systemuserid']",
              "inputs": {
                "name": "レコード共有先ユーザー",
                "value": "@{outputs('承認者4を取得する')?['body/fullname']} (@{outputs('承認者4を取得する')?['body/internalemailaddress']} @{outputs('承認者4を取得する')?['body/systemuserid']})"
              },
              "runAfter": {
                "承認者4にレコードを共有する": [
                  "Succeeded"
                ]
              }
            }
          },
          "else": {
            "actions": {
              "ログを出力する（承認者4GUID未取得）": {
                "type": "OpenApiConnection",
                "inputs": {
                  "parameters": {
                    "entityName": "tkd_eventlogs",
                    "item/tkd_loglevel": 2,
                    "item/tkd_eventid": "@workflow()?['run']?['id']",
                    "item/tkd_logcomponent": "@workflow()?['tags']?['flowDisplayName']",
                    "item/tkd_userinformation": "@outputs('申請者を取得する')?['body/internalemailaddress']",
                    "item/tkd_logmessage": "申請者4のGUIDが取得できませんでした。",
                    "item/tkd_logcontent": "申請者4のGUIDが取得できたら"
                  },
                  "host": {
                    "apiId": "/providers/Microsoft.PowerApps/apis/shared_commondataserviceforapps",
                    "operationId": "CreateRecord",
                    "connectionName": "shared_commondataserviceforapps"
                  }
                }
              }
            }
          },
          "runAfter": {
            "承認者4のGUID": [
              "Succeeded"
            ]
          },
          "metadata": {
            "operationMetadataId": "4a406066-6e4a-47a3-a78c-7a3f9d570c2c"
          }
        },
        "承認者5のGUIDが取得できたら": {
          "type": "If",
          "expression": {
            "and": [
              {
                "not": {
                  "equals": [
                    "@outputs('承認者5のGUID')",
                    "@null"
                  ]
                }
              },
              {
                "not": {
                  "equals": [
                    "@outputs('承認者5のGUID')",
                    ""
                  ]
                }
              }
            ]
          },
          "actions": {
            "承認者5を取得する": {
              "type": "OpenApiConnection",
              "inputs": {
                "parameters": {
                  "entityName": "systemusers",
                  "recordId": "@outputs('承認者5のGUID')"
                },
                "host": {
                  "apiId": "/providers/Microsoft.PowerApps/apis/shared_commondataserviceforapps",
                  "operationId": "GetItem",
                  "connectionName": "shared_commondataserviceforapps"
                }
              },
              "metadata": {
                "operationMetadataId": "307eb800-266f-4f51-8744-44f6ed6dc002"
              }
            },
            "承認者5にレコードを共有する": {
              "type": "OpenApiConnection",
              "inputs": {
                "parameters": {
                  "actionName": "GrantAccess",
                  "item/Target": "@outputs('Target指定用の申請レコードID')",
                  "item/PrincipalAccess": {
                    "AccessMask": "ReadAccess,AppendToAccess",
                    "Principal": {
                      "@{string('@odata.type')}": "Microsoft.Dynamics.CRM.systemuser",
                      "systemuserid": "@{outputs('承認者5のGUID')}"
                    }
                  }
                },
                "host": {
                  "apiId": "/providers/Microsoft.PowerApps/apis/shared_commondataserviceforapps",
                  "operationId": "PerformUnboundAction",
                  "connectionName": "shared_commondataserviceforapps"
                }
              },
              "runAfter": {
                "承認者5を取得する": [
                  "Succeeded"
                ]
              }
            },
            "配列変数「レコード共有先ユーザー」に追加5": {
              "type": "AppendToArrayVariable",
              "description": "outputs('承認者5を取得する')?['body/fullname'] outputs('承認者5を取得する')?['body/internalemailaddress'] outputs('承認者5を取得する')?['body/systemuserid']",
              "inputs": {
                "name": "レコード共有先ユーザー",
                "value": "@{outputs('承認者5を取得する')?['body/fullname']} (@{outputs('承認者5を取得する')?['body/internalemailaddress']} @{outputs('承認者5を取得する')?['body/systemuserid']})"
              },
              "runAfter": {
                "承認者5にレコードを共有する": [
                  "Succeeded"
                ]
              }
            }
          },
          "else": {
            "actions": {
              "ログを出力する（承認者5GUID未取得）": {
                "type": "OpenApiConnection",
                "inputs": {
                  "parameters": {
                    "entityName": "tkd_eventlogs",
                    "item/tkd_loglevel": 2,
                    "item/tkd_eventid": "@workflow()?['run']?['id']",
                    "item/tkd_logcomponent": "@workflow()?['tags']?['flowDisplayName']",
                    "item/tkd_userinformation": "@outputs('申請者を取得する')?['body/internalemailaddress']",
                    "item/tkd_logmessage": "申請者5のGUIDが取得できませんでした。",
                    "item/tkd_logcontent": "申請者5のGUIDが取得できたら"
                  },
                  "host": {
                    "apiId": "/providers/Microsoft.PowerApps/apis/shared_commondataserviceforapps",
                    "operationId": "CreateRecord",
                    "connectionName": "shared_commondataserviceforapps"
                  }
                }
              }
            }
          },
          "runAfter": {
            "承認者5のGUID": [
              "Succeeded"
            ]
          },
          "metadata": {
            "operationMetadataId": "bb471fd9-d1b1-462e-8578-0272c5438c66"
          }
        },
        "申請者のGUIDが取得できたら": {
          "type": "If",
          "expression": {
            "and": [
              {
                "not": {
                  "equals": [
                    "@outputs('申請者のGUID')",
                    ""
                  ]
                }
              }
            ]
          },
          "actions": {
            "申請者を取得する": {
              "type": "OpenApiConnection",
              "inputs": {
                "parameters": {
                  "entityName": "systemusers",
                  "recordId": "@outputs('申請者のGUID')"
                },
                "host": {
                  "apiId": "/providers/Microsoft.PowerApps/apis/shared_commondataserviceforapps",
                  "operationId": "GetItem",
                  "connectionName": "shared_commondataserviceforapps"
                }
              },
              "runAfter": {
                "ログを出力する（申請者GUID取得済）": [
                  "Succeeded"
                ]
              },
              "metadata": {
                "operationMetadataId": "4822a7b5-65ec-45c5-8a31-eec072b46856"
              }
            },
            "申請者にレコードを共有する": {
              "type": "OpenApiConnection",
              "inputs": {
                "parameters": {
                  "actionName": "GrantAccess",
                  "item/Target": "@outputs('Target指定用の申請レコードID')",
                  "item/PrincipalAccess": {
                    "AccessMask": "ReadAccess,AppendToAccess",
                    "Principal": {
                      "@{string('@odata.type')}": "Microsoft.Dynamics.CRM.systemuser",
                      "systemuserid": "@{outputs('申請者のGUID')}"
                    }
                  }
                },
                "host": {
                  "apiId": "/providers/Microsoft.PowerApps/apis/shared_commondataserviceforapps",
                  "operationId": "PerformUnboundAction",
                  "connectionName": "shared_commondataserviceforapps"
                }
              },
              "runAfter": {
                "ログを出力する（申請者取得済）": [
                  "SUCCEEDED"
                ]
              }
            },
            "ログを出力する（申請者GUID取得済）": {
              "type": "OpenApiConnection",
              "inputs": {
                "parameters": {
                  "entityName": "tkd_eventlogs",
                  "item/tkd_loglevel": 2,
                  "item/tkd_eventid": "@workflow()?['run']?['id']",
                  "item/tkd_logcomponent": "@workflow()?['tags']?['flowDisplayName']",
                  "item/tkd_logmessage": "申請者のGUIDを取得しました。",
                  "item/tkd_logcontent": "申請者のGUIDが取得できたら",
                  "item/tkd_logresult": "@outputs('申請者のGUID')"
                },
                "host": {
                  "apiId": "/providers/Microsoft.PowerApps/apis/shared_commondataserviceforapps",
                  "operationId": "CreateRecord",
                  "connectionName": "shared_commondataserviceforapps"
                }
              }
            },
            "ログを出力する（申請者取得済）": {
              "type": "OpenApiConnection",
              "inputs": {
                "parameters": {
                  "entityName": "tkd_eventlogs",
                  "item/tkd_loglevel": 2,
                  "item/tkd_eventid": "@workflow()?['run']?['id']",
                  "item/tkd_logcomponent": "@workflow()?['tags']?['flowDisplayName']",
                  "item/tkd_userinformation": "@outputs('申請者を取得する')?['body/internalemailaddress']",
                  "item/tkd_logmessage": "申請者を取得しました。",
                  "item/tkd_logcontent": "申請者を取得する",
                  "item/tkd_logresult": "@outputs('申請者を取得する')?['body/systemuserid']"
                },
                "host": {
                  "apiId": "/providers/Microsoft.PowerApps/apis/shared_commondataserviceforapps",
                  "operationId": "CreateRecord",
                  "connectionName": "shared_commondataserviceforapps"
                }
              },
              "runAfter": {
                "申請者を取得する": [
                  "Succeeded"
                ]
              }
            },
            "ログを出力する（申請者にレコード共有）": {
              "type": "OpenApiConnection",
              "inputs": {
                "parameters": {
                  "entityName": "tkd_eventlogs",
                  "item/tkd_loglevel": 2,
                  "item/tkd_eventid": "@workflow()?['run']?['id']",
                  "item/tkd_logcomponent": "@workflow()?['tags']?['flowDisplayName']",
                  "item/tkd_userinformation": "@outputs('申請者を取得する')?['body/internalemailaddress']",
                  "item/tkd_logmessage": "申請者にレコードを共有しました。",
                  "item/tkd_logcontent": "申請者にレコードを共有する",
                  "item/tkd_logresult": "@outputs('申請者を取得する')?['body/systemuserid']"
                },
                "host": {
                  "apiId": "/providers/Microsoft.PowerApps/apis/shared_commondataserviceforapps",
                  "operationId": "CreateRecord",
                  "connectionName": "shared_commondataserviceforapps"
                }
              },
              "runAfter": {
                "申請者にレコードを共有する": [
                  "SUCCEEDED"
                ]
              }
            }
          },
          "else": {
            "actions": {
              "Respond_to_a_Power_App_or_flow_1": {
                "type": "Response",
                "kind": "PowerApp",
                "inputs": {
                  "schema": {
                    "type": "object",
                    "properties": {
                      "issuccess": {
                        "title": "IsSuccess",
                        "x-ms-dynamically-added": true,
                        "type": "boolean"
                      },
                      "applicationguid": {
                        "title": "ApplicationGUID",
                        "x-ms-dynamically-added": true,
                        "type": "string"
                      },
                      "message": {
                        "title": "Message",
                        "x-ms-dynamically-added": true,
                        "type": "string"
                      }
                    },
                    "additionalProperties": {}
                  },
                  "statusCode": 200,
                  "body": {
                    "issuccess": false,
                    "message": "申請者のGUIDが設定されていないため、レコードの共有処理をスキップしました。"
                  }
                },
                "runAfter": {
                  "ログを出力する（申請者GUID未取得）": [
                    "Succeeded"
                  ]
                },
                "metadata": {
                  "operationMetadataId": "efbf8341-054d-465e-971f-552d5cb4b76e"
                }
              },
              "終了_1": {
                "type": "Terminate",
                "inputs": {
                  "runStatus": "Failed"
                },
                "runAfter": {
                  "Respond_to_a_Power_App_or_flow_1": [
                    "Succeeded"
                  ]
                },
                "metadata": {
                  "operationMetadataId": "6bdbb280-d54b-4f8e-8476-93926e959d00"
                }
              },
              "ログを出力する（申請者GUID未取得）": {
                "type": "OpenApiConnection",
                "inputs": {
                  "parameters": {
                    "entityName": "tkd_eventlogs",
                    "item/tkd_loglevel": 2,
                    "item/tkd_eventid": "@workflow()?['run']?['id']",
                    "item/tkd_logcomponent": "@workflow()?['tags']?['flowDisplayName']",
                    "item/tkd_logmessage": "申請者のGUIDが取得できませんでした。",
                    "item/tkd_logcontent": "申請者のGUIDが取得できたら"
                  },
                  "host": {
                    "apiId": "/providers/Microsoft.PowerApps/apis/shared_commondataserviceforapps",
                    "operationId": "CreateRecord",
                    "connectionName": "shared_commondataserviceforapps"
                  }
                }
              }
            }
          },
          "runAfter": {
            "申請者のGUID": [
              "Succeeded"
            ]
          },
          "metadata": {
            "operationMetadataId": "187f80ea-eefc-4273-ab26-dfdd3e73f5d9"
          }
        },
        "Target指定用の申請レコードID": {
          "type": "Compose",
          "description": "last(split(outputs('申請レコードを取得する')?['body/@odata.id'],'/'))",
          "inputs": "@last(split(outputs('申請レコードを取得する')?['body/@odata.id'],'/'))",
          "runAfter": {
            "申請レコードのGUIDが取得できたら": [
              "Succeeded"
            ]
          }
        },
        "「レコード共有先ユーザー」の要素数が1以上か": {
          "type": "If",
          "description": "length(variables('レコード共有先ユーザー'))",
          "expression": {
            "and": [
              {
                "greaterOrEquals": [
                  "@length(variables('レコード共有先ユーザー'))",
                  1
                ]
              }
            ]
          },
          "actions": {
            "Respond_to_a_Power_App_or_flow_3": {
              "type": "Response",
              "description": "join(variables('レコード共有先ユーザー'),';')",
              "kind": "PowerApp",
              "inputs": {
                "schema": {
                  "type": "object",
                  "properties": {
                    "issuccess": {
                      "title": "IsSuccess",
                      "x-ms-dynamically-added": true,
                      "type": "boolean"
                    },
                    "applicationguid": {
                      "title": "ApplicationGUID",
                      "x-ms-dynamically-added": true,
                      "type": "string"
                    },
                    "message": {
                      "title": "Message",
                      "x-ms-dynamically-added": true,
                      "type": "string"
                    }
                  },
                  "additionalProperties": {}
                },
                "statusCode": 200,
                "body": {
                  "issuccess": true,
                  "applicationguid": "@{outputs('申請レコードのGUID')}",
                  "message": "レコードを正常に共有しました。\n@{join(variables('レコード共有先ユーザー'),';')}"
                }
              },
              "runAfter": {
                "ログを出力する（レコード作成先ユーザーの要素数が1以上）": [
                  "SUCCEEDED"
                ]
              },
              "metadata": {
                "operationMetadataId": "b7bfbcce-3f8a-4739-a127-d431f09f7c3b"
              }
            },
            "ログを出力する（レコード作成先ユーザーの要素数が1以上）": {
              "type": "OpenApiConnection",
              "inputs": {
                "parameters": {
                  "entityName": "tkd_eventlogs",
                  "item/tkd_loglevel": 2,
                  "item/tkd_eventid": "@workflow()?['run']?['id']",
                  "item/tkd_logcomponent": "@workflow()?['tags']?['flowDisplayName']",
                  "item/tkd_userinformation": "@outputs('申請者を取得する')?['body/internalemailaddress']",
                  "item/tkd_logmessage": "「レコード作成先ユーザー」の要素数が1以上でした。",
                  "item/tkd_logcontent": "「レコード作成先ユーザー」の要素数が1以上か"
                },
                "host": {
                  "apiId": "/providers/Microsoft.PowerApps/apis/shared_commondataserviceforapps",
                  "operationId": "CreateRecord",
                  "connectionName": "shared_commondataserviceforapps"
                }
              }
            }
          },
          "else": {
            "actions": {
              "Respond_to_a_Power_App_or_flow_4": {
                "type": "Response",
                "kind": "PowerApp",
                "inputs": {
                  "schema": {
                    "type": "object",
                    "properties": {
                      "issuccess": {
                        "title": "IsSuccess",
                        "x-ms-dynamically-added": true,
                        "type": "boolean"
                      },
                      "applicationguid": {
                        "title": "ApplicationGUID",
                        "x-ms-dynamically-added": true,
                        "type": "string"
                      },
                      "message": {
                        "title": "Message",
                        "x-ms-dynamically-added": true,
                        "type": "string"
                      }
                    },
                    "additionalProperties": {}
                  },
                  "statusCode": 200,
                  "body": {
                    "issuccess": false,
                    "applicationguid": "@{outputs('申請レコードのGUID')}",
                    "message": "レコードの共有処理に失敗しました。"
                  }
                },
                "runAfter": {
                  "ログを出力する（レコード作成先ユーザーの要素数が0）": [
                    "SUCCEEDED"
                  ]
                },
                "metadata": {
                  "operationMetadataId": "64527af8-ce88-490b-8793-345eef7663c0"
                }
              },
              "ログを出力する（レコード作成先ユーザーの要素数が0）": {
                "type": "OpenApiConnection",
                "inputs": {
                  "parameters": {
                    "entityName": "tkd_eventlogs",
                    "item/tkd_loglevel": 2,
                    "item/tkd_eventid": "@workflow()?['run']?['id']",
                    "item/tkd_logcomponent": "@workflow()?['tags']?['flowDisplayName']",
                    "item/tkd_userinformation": "@outputs('申請者を取得する')?['body/internalemailaddress']",
                    "item/tkd_logmessage": "「レコード作成先ユーザー」の要素数が0でした。",
                    "item/tkd_logcontent": "「レコード作成先ユーザー」の要素数が1以上か"
                  },
                  "host": {
                    "apiId": "/providers/Microsoft.PowerApps/apis/shared_commondataserviceforapps",
                    "operationId": "CreateRecord",
                    "connectionName": "shared_commondataserviceforapps"
                  }
                }
              }
            }
          },
          "runAfter": {
            "承認者5のGUIDが取得できたら": [
              "Succeeded"
            ]
          }
        },
        "変数「レコード共有先ユーザー」を初期化する": {
          "type": "InitializeVariable",
          "inputs": {
            "variables": [
              {
                "name": "レコード共有先ユーザー",
                "type": "array"
              }
            ]
          },
          "runAfter": {
            "承認経路レコードのGUIDが取得できたら": [
              "Succeeded"
            ]
          }
        },
        "ログを出力する（フロー開始）": {
          "type": "OpenApiConnection",
          "inputs": {
            "parameters": {
              "entityName": "tkd_eventlogs",
              "item/tkd_loglevel": 2,
              "item/tkd_eventid": "@workflow()?['run']?['id']",
              "item/tkd_logcomponent": "@workflow()?['tags']?['flowDisplayName']",
              "item/tkd_logmessage": "フロー「@{workflow()?['tags']?['flowDisplayName']}」を開始しました。",
              "item/tkd_logcontent": "フローを手動でトリガーする",
              "item/tkd_logresult": "@workflow()"
            },
            "host": {
              "apiId": "/providers/Microsoft.PowerApps/apis/shared_commondataserviceforapps",
              "operationId": "CreateRecord",
              "connectionName": "shared_commondataserviceforapps"
            }
          },
          "runAfter": {}
        }
      }
    },
    "templateName": null
  },
  "schemaVersion": "1.0.0.0"
}