{
  "properties": {
    "connectionReferences": {
      "shared_commondataserviceforapps": {
        "api": {
          "name": "shared_commondataserviceforapps"
        },
        "connection": {
          "connectionReferenceLogicalName": "tkd_sharedcommondataserviceforapps_d097f"
        },
        "runtimeSource": "embedded"
      }
    },
    "definition": {
      "$schema": "https://schema.management.azure.com/providers/Microsoft.Logic/schemas/2016-06-01/workflowdefinition.json#",
      "contentVersion": "1.0.0.0",
      "parameters": {
        "$authentication": {
          "defaultValue": {},
          "type": "SecureObject"
        },
        "$connections": {
          "defaultValue": {},
          "type": "Object"
        }
      },
      "triggers": {
        "manual": {
          "type": "Request",
          "kind": "Button",
          "inputs": {
            "schema": {
              "type": "object",
              "properties": {},
              "required": []
            }
          },
          "metadata": {
            "operationMetadataId": "dcff0cb5-79a5-4182-b4c3-8f5ca27708c7"
          }
        }
      },
      "actions": {
        "テーブル論理名": {
          "type": "Compose",
          "inputs": "tkd_eventlog",
          "runAfter": {},
          "metadata": {
            "operationMetadataId": "f374e76c-95e3-4723-aa94-4c5ea5a965f2"
          }
        },
        "列論理名": {
          "type": "Compose",
          "inputs": "tkd_logid",
          "runAfter": {
            "テーブル論理名": [
              "SUCCEEDED"
            ]
          },
          "metadata": {
            "operationMetadataId": "f374e76c-95e3-4723-aa94-4c5ea5a965f2"
          }
        },
        "シード値": {
          "type": "Compose",
          "inputs": 1,
          "runAfter": {
            "列論理名": [
              "SUCCEEDED"
            ]
          }
        },
        "バインドしていないアクションを実行する": {
          "type": "OpenApiConnection",
          "inputs": {
            "parameters": {
              "actionName": "SetAutoNumberSeed",
              "item/EntityName": "@outputs('テーブル論理名')",
              "item/AttributeName": "@outputs('列論理名')",
              "item/Value": "@outputs('シード値')"
            },
            "host": {
              "apiId": "/providers/Microsoft.PowerApps/apis/shared_commondataserviceforapps",
              "operationId": "PerformUnboundAction",
              "connectionName": "shared_commondataserviceforapps"
            }
          },
          "runAfter": {
            "シード値": [
              "SUCCEEDED"
            ]
          }
        }
      }
    },
    "templateName": null
  },
  "schemaVersion": "1.0.0.0"
}