{
  "properties": {
    "connectionReferences": {
      "shared_commondataserviceforapps": {
        "api": {
          "name": "shared_commondataserviceforapps"
        },
        "connection": {
          "connectionReferenceLogicalName": "tkd_sharedcommondataserviceforapps_d097f"
        },
        "runtimeSource": "embedded"
      }
    },
    "definition": {
      "$schema": "https://schema.management.azure.com/providers/Microsoft.Logic/schemas/2016-06-01/workflowdefinition.json#",
      "contentVersion": "1.0.0.0",
      "parameters": {
        "$authentication": {
          "defaultValue": {},
          "type": "SecureObject"
        },
        "$connections": {
          "defaultValue": {},
          "type": "Object"
        }
      },
      "triggers": {
        "manual": {
          "type": "Request",
          "kind": "Button",
          "inputs": {
            "schema": {
              "type": "object",
              "properties": {},
              "required": []
            }
          },
          "metadata": {
            "operationMetadataId": "dcff0cb5-79a5-4182-b4c3-8f5ca27708c7"
          }
        }
      },
      "actions": {
        "環境変数を一覧にする": {
          "type": "OpenApiConnection",
          "inputs": {
            "parameters": {
              "entityName": "environmentvariablevalues",
              "$filter": "schemaname eq '@{outputs('システムアカウントGUIDを格納する環境変数の名前')}'",
              "$top": 1
            },
            "host": {
              "apiId": "/providers/Microsoft.PowerApps/apis/shared_commondataserviceforapps",
              "operationId": "ListRecords",
              "connectionName": "shared_commondataserviceforapps"
            }
          },
          "runAfter": {
            "ユーザーレコードが存在するか": [
              "Succeeded"
            ]
          },
          "metadata": {
            "operationMetadataId": "966fffb9-4fdd-4aac-a570-141d3edc5b9b"
          }
        },
        "ユーザーレコードを取得する": {
          "type": "OpenApiConnection",
          "description": "triggerOutputs()?['headers']?['x-ms-user-email']",
          "inputs": {
            "parameters": {
              "entityName": "systemusers",
              "$filter": "internalemailaddress eq '@{triggerOutputs()?['headers']?['x-ms-user-email']}'",
              "$top": 1
            },
            "host": {
              "apiId": "/providers/Microsoft.PowerApps/apis/shared_commondataserviceforapps",
              "operationId": "ListRecords",
              "connectionName": "shared_commondataserviceforapps"
            }
          },
          "runAfter": {
            "システムアカウントGUIDを格納する環境変数の名前": [
              "Succeeded"
            ]
          },
          "metadata": {
            "operationMetadataId": "ac9c997a-32a7-4a43-ac0c-a4823e28ee6f"
          }
        },
        "ユーザーレコードが存在するか": {
          "type": "If",
          "description": "length(outputs('ユーザーレコードを取得する')?['body/value'])",
          "expression": {
            "and": [
              {
                "greater": [
                  "@length(outputs('ユーザーレコードを取得する')?['body/value'])",
                  0
                ]
              }
            ]
          },
          "actions": {
            "ユーザーレコードのGUID": {
              "type": "Compose",
              "description": "first(outputs('ユーザーレコードを取得する')?['body/value'])?['systemuserid']",
              "inputs": "@first(outputs('ユーザーレコードを取得する')?['body/value'])?['systemuserid']",
              "runAfter": {
                "ログを出力する（ユーザーが存在する）": [
                  "Succeeded"
                ]
              },
              "metadata": {
                "operationMetadataId": "9335dc69-dfb6-45e5-9f4f-f40478b4ea94"
              }
            },
            "ログを出力する（ユーザーが存在する）": {
              "type": "OpenApiConnection",
              "inputs": {
                "parameters": {
                  "entityName": "tkd_eventlogs",
                  "item/tkd_loglevel": 2,
                  "item/tkd_eventid": "@workflow()?['run']?['id']",
                  "item/tkd_logcomponent": "@workflow()?['tags']?['flowDisplayName']",
                  "item/tkd_userinformation": "@{base64ToString(triggerOutputs()?['headers']?['x-ms-user-name-encoded'])} @{triggerOutputs()?['headers']?['x-ms-user-email']}",
                  "item/tkd_logmessage": "ユーザーレコードを取得しました。",
                  "item/tkd_logcontent": "ユーザーレコードが存在するか",
                  "item/tkd_logresult": "@{first(outputs('ユーザーレコードを取得する')?['body/value'])?['fullname']} @{first(outputs('ユーザーレコードを取得する')?['body/value'])?['internalemailaddress']}"
                },
                "host": {
                  "apiId": "/providers/Microsoft.PowerApps/apis/shared_commondataserviceforapps",
                  "operationId": "CreateRecord",
                  "connectionName": "shared_commondataserviceforapps"
                }
              },
              "metadata": {
                "operationMetadataId": "7e510a6d-9f32-444d-949e-71801929bb81"
              }
            }
          },
          "else": {
            "actions": {
              "終了": {
                "type": "Terminate",
                "inputs": {
                  "runStatus": "Failed"
                },
                "runAfter": {
                  "ログを出力する（ユーザーが存在しない）": [
                    "Succeeded"
                  ]
                },
                "metadata": {
                  "operationMetadataId": "636b9d91-c856-4b4a-b42b-94e225b319a4"
                }
              },
              "ログを出力する（ユーザーが存在しない）": {
                "type": "OpenApiConnection",
                "inputs": {
                  "parameters": {
                    "entityName": "tkd_eventlogs",
                    "item/tkd_loglevel": 2,
                    "item/tkd_eventid": "@workflow()?['run']?['id']",
                    "item/tkd_logcomponent": "@workflow()?['tags']?['flowDisplayName']",
                    "item/tkd_userinformation": "@{base64ToString(triggerOutputs()?['headers']?['x-ms-user-name-encoded'])} @{triggerOutputs()?['headers']?['x-ms-user-email']}",
                    "item/tkd_logmessage": "ユーザーレコードを取得できませんでした。",
                    "item/tkd_logcontent": "ユーザーレコードが存在するか",
                    "item/tkd_logresult": "@length(outputs('ユーザーレコードを取得する')?['body/value'])"
                  },
                  "host": {
                    "apiId": "/providers/Microsoft.PowerApps/apis/shared_commondataserviceforapps",
                    "operationId": "CreateRecord",
                    "connectionName": "shared_commondataserviceforapps"
                  }
                },
                "metadata": {
                  "operationMetadataId": "4fae6f0b-ef40-4d45-ae62-f94abde25893"
                }
              }
            }
          },
          "runAfter": {
            "ユーザーレコードを取得する": [
              "Succeeded"
            ]
          },
          "metadata": {
            "operationMetadataId": "30456cd9-889e-4dcf-9f7f-02cecdc89f5b"
          }
        },
        "システムアカウントGUIDを格納する環境変数の名前": {
          "type": "Compose",
          "inputs": "tkd_SystemAccountGUID",
          "runAfter": {
            "ログを出力する（フロー開始）": [
              "Succeeded"
            ]
          },
          "metadata": {
            "operationMetadataId": "f374e76c-95e3-4723-aa94-4c5ea5a965f2"
          }
        },
        "環境変数（システムアカウントGUID）が存在するか": {
          "type": "If",
          "description": "length(outputs('環境変数を一覧にする')?['body/value'])",
          "expression": {
            "and": [
              {
                "greater": [
                  "@length(outputs('環境変数を一覧にする')?['body/value'])",
                  0
                ]
              }
            ]
          },
          "actions": {
            "ログを出力する（環境変数が存在する）": {
              "type": "OpenApiConnection",
              "inputs": {
                "parameters": {
                  "entityName": "tkd_eventlogs",
                  "item/tkd_loglevel": 2,
                  "item/tkd_eventid": "@workflow()?['run']?['id']",
                  "item/tkd_logcomponent": "@workflow()?['tags']?['flowDisplayName']",
                  "item/tkd_userinformation": "@{base64ToString(triggerOutputs()?['headers']?['x-ms-user-name-encoded'])} @{triggerOutputs()?['headers']?['x-ms-user-email']}",
                  "item/tkd_logmessage": "環境変数（システムアカウントGUID）を取得しました。",
                  "item/tkd_logcontent": "環境変数（システムアカウントGUID）が存在するか",
                  "item/tkd_logresult": "@first(outputs('環境変数を一覧にする')?['body/value'])?['value']"
                },
                "host": {
                  "apiId": "/providers/Microsoft.PowerApps/apis/shared_commondataserviceforapps",
                  "operationId": "CreateRecord",
                  "connectionName": "shared_commondataserviceforapps"
                }
              },
              "metadata": {
                "operationMetadataId": "7eb52ee0-9759-41cf-b977-e69092e0f43c"
              }
            },
            "環境変数の値を更新する": {
              "type": "OpenApiConnection",
              "description": "first(outputs('環境変数を一覧にする')?['body/value'])?['environmentvariablevalueid']",
              "inputs": {
                "parameters": {
                  "entityName": "environmentvariablevalues",
                  "recordId": "@first(outputs('環境変数を一覧にする')?['body/value'])?['environmentvariablevalueid']",
                  "item/value": "@outputs('ユーザーレコードのGUID')"
                },
                "host": {
                  "apiId": "/providers/Microsoft.PowerApps/apis/shared_commondataserviceforapps",
                  "operationId": "UpdateOnlyRecord",
                  "connectionName": "shared_commondataserviceforapps"
                }
              },
              "runAfter": {
                "ログを出力する（環境変数が存在する）": [
                  "Succeeded"
                ]
              },
              "metadata": {
                "operationMetadataId": "14103ae4-d23c-43ce-b633-51aa6669b5c2"
              }
            },
            "ログを出力する（環境変数を更新）": {
              "type": "OpenApiConnection",
              "inputs": {
                "parameters": {
                  "entityName": "tkd_eventlogs",
                  "item/tkd_loglevel": 2,
                  "item/tkd_eventid": "@workflow()?['run']?['id']",
                  "item/tkd_logcomponent": "@workflow()?['tags']?['flowDisplayName']",
                  "item/tkd_userinformation": "@{base64ToString(triggerOutputs()?['headers']?['x-ms-user-name-encoded'])} @{triggerOutputs()?['headers']?['x-ms-user-email']}",
                  "item/tkd_logmessage": "環境変数（システムアカウントGUID）の値を更新しました。",
                  "item/tkd_logcontent": "環境変数の値を更新する",
                  "item/tkd_logresult": "@outputs('ユーザーレコードのGUID')"
                },
                "host": {
                  "apiId": "/providers/Microsoft.PowerApps/apis/shared_commondataserviceforapps",
                  "operationId": "CreateRecord",
                  "connectionName": "shared_commondataserviceforapps"
                }
              },
              "runAfter": {
                "環境変数の値を更新する": [
                  "Succeeded"
                ]
              },
              "metadata": {
                "operationMetadataId": "0fe188d0-d2f2-431f-a7e9-862957d5944a"
              }
            }
          },
          "else": {
            "actions": {
              "環境変数定義を一覧にする": {
                "type": "OpenApiConnection",
                "inputs": {
                  "parameters": {
                    "entityName": "environmentvariabledefinitions",
                    "$filter": "schemaname eq '@{outputs('システムアカウントGUIDを格納する環境変数の名前')}'",
                    "$top": 1
                  },
                  "host": {
                    "apiId": "/providers/Microsoft.PowerApps/apis/shared_commondataserviceforapps",
                    "operationId": "ListRecords",
                    "connectionName": "shared_commondataserviceforapps"
                  }
                },
                "runAfter": {
                  "ログを出力する（環境変数が存在しない）": [
                    "Succeeded"
                  ]
                },
                "metadata": {
                  "operationMetadataId": "d0db0f1b-ae2c-4f1d-942c-baeeee00d963"
                }
              },
              "環境変数の定義（システムアカウントGUID）が存在するか": {
                "type": "If",
                "description": "length(outputs('環境変数定義を一覧にする')?['body/value'])",
                "expression": {
                  "and": [
                    {
                      "greater": [
                        "@length(outputs('環境変数定義を一覧にする')?['body/value'])",
                        0
                      ]
                    }
                  ]
                },
                "actions": {
                  "環境変数の定義": {
                    "type": "Compose",
                    "description": "first(outputs('環境変数定義を一覧にする')?['body/value'])?['environmentvariabledefinitionid']",
                    "inputs": "environmentvariabledefinitions(@{first(outputs('環境変数定義を一覧にする')?['body/value'])?['environmentvariabledefinitionid']})",
                    "runAfter": {
                      "ログを出力する（環境変数定義が存在する）": [
                        "Succeeded"
                      ]
                    },
                    "metadata": {
                      "operationMetadataId": "f565b89c-6d2d-46c6-a7aa-1a1f441a3d4a"
                    }
                  },
                  "環境変数の値を追加する": {
                    "type": "OpenApiConnection",
                    "description": "outputs('システムアカウントGUIDを格納する環境変数の名前') outputs('環境変数の定義') outputs('ユーザーレコードのGUID')",
                    "inputs": {
                      "parameters": {
                        "entityName": "environmentvariablevalues",
                        "item/schemaname": "@outputs('システムアカウントGUIDを格納する環境変数の名前')",
                        "item/EnvironmentVariableDefinitionId@odata.bind": "@outputs('環境変数の定義')",
                        "item/statuscode": 1,
                        "item/value": "@outputs('ユーザーレコードのGUID')"
                      },
                      "host": {
                        "apiId": "/providers/Microsoft.PowerApps/apis/shared_commondataserviceforapps",
                        "operationId": "CreateRecord",
                        "connectionName": "shared_commondataserviceforapps"
                      }
                    },
                    "runAfter": {
                      "環境変数の定義": [
                        "Succeeded"
                      ]
                    },
                    "metadata": {
                      "operationMetadataId": "0b71e066-8d1e-410a-b5ce-32ba92ace1d3"
                    }
                  },
                  "ログを出力する（環境変数定義が存在する）": {
                    "type": "OpenApiConnection",
                    "inputs": {
                      "parameters": {
                        "entityName": "tkd_eventlogs",
                        "item/tkd_loglevel": 2,
                        "item/tkd_eventid": "@workflow()?['run']?['id']",
                        "item/tkd_logcomponent": "@workflow()?['tags']?['flowDisplayName']",
                        "item/tkd_userinformation": "@{base64ToString(triggerOutputs()?['headers']?['x-ms-user-name-encoded'])} @{triggerOutputs()?['headers']?['x-ms-user-email']}",
                        "item/tkd_logmessage": "環境変数の定義（システムアカウントGUID）を取得しました。",
                        "item/tkd_logcontent": "環境変数の定義（システムアカウントGUID）が存在するか"
                      },
                      "host": {
                        "apiId": "/providers/Microsoft.PowerApps/apis/shared_commondataserviceforapps",
                        "operationId": "CreateRecord",
                        "connectionName": "shared_commondataserviceforapps"
                      }
                    },
                    "metadata": {
                      "operationMetadataId": "d8cee8f3-cedc-4931-af78-390d4fd43d19"
                    }
                  },
                  "ログを出力する（環境変数を追加）": {
                    "type": "OpenApiConnection",
                    "inputs": {
                      "parameters": {
                        "entityName": "tkd_eventlogs",
                        "item/tkd_loglevel": 2,
                        "item/tkd_eventid": "@workflow()?['run']?['id']",
                        "item/tkd_logcomponent": "@workflow()?['tags']?['flowDisplayName']",
                        "item/tkd_userinformation": "@{base64ToString(triggerOutputs()?['headers']?['x-ms-user-name-encoded'])} @{triggerOutputs()?['headers']?['x-ms-user-email']}",
                        "item/tkd_logmessage": "環境変数（システムアカウントGUID）の値を追加しました。",
                        "item/tkd_logcontent": "環境変数の値を追加する",
                        "item/tkd_logresult": "@outputs('ユーザーレコードのGUID')"
                      },
                      "host": {
                        "apiId": "/providers/Microsoft.PowerApps/apis/shared_commondataserviceforapps",
                        "operationId": "CreateRecord",
                        "connectionName": "shared_commondataserviceforapps"
                      }
                    },
                    "runAfter": {
                      "環境変数の値を追加する": [
                        "Succeeded"
                      ]
                    },
                    "metadata": {
                      "operationMetadataId": "d0e2f3f7-81da-4da2-a0eb-68d6d0a82495"
                    }
                  }
                },
                "else": {
                  "actions": {
                    "ログを出力する（環境変数定義が存在しない）": {
                      "type": "OpenApiConnection",
                      "inputs": {
                        "parameters": {
                          "entityName": "tkd_eventlogs",
                          "item/tkd_loglevel": 2,
                          "item/tkd_eventid": "@workflow()?['run']?['id']",
                          "item/tkd_logcomponent": "@workflow()?['tags']?['flowDisplayName']",
                          "item/tkd_userinformation": "@{base64ToString(triggerOutputs()?['headers']?['x-ms-user-name-encoded'])} @{triggerOutputs()?['headers']?['x-ms-user-email']}",
                          "item/tkd_logmessage": "環境変数の定義（システムアカウントGUID）を取得できませんでした。",
                          "item/tkd_logcontent": "環境変数の定義（システムアカウントGUID）が存在するか"
                        },
                        "host": {
                          "apiId": "/providers/Microsoft.PowerApps/apis/shared_commondataserviceforapps",
                          "operationId": "CreateRecord",
                          "connectionName": "shared_commondataserviceforapps"
                        }
                      },
                      "metadata": {
                        "operationMetadataId": "55bab744-8a9d-4c35-8bed-09238d7d2e48"
                      }
                    }
                  }
                },
                "runAfter": {
                  "環境変数定義を一覧にする": [
                    "Succeeded"
                  ]
                },
                "metadata": {
                  "operationMetadataId": "15fae602-e924-45cd-872b-c5f21952b20a"
                }
              },
              "ログを出力する（環境変数が存在しない）": {
                "type": "OpenApiConnection",
                "inputs": {
                  "parameters": {
                    "entityName": "tkd_eventlogs",
                    "item/tkd_loglevel": 2,
                    "item/tkd_eventid": "@workflow()?['run']?['id']",
                    "item/tkd_logcomponent": "@workflow()?['tags']?['flowDisplayName']",
                    "item/tkd_userinformation": "@{base64ToString(triggerOutputs()?['headers']?['x-ms-user-name-encoded'])} @{triggerOutputs()?['headers']?['x-ms-user-email']}",
                    "item/tkd_logmessage": "環境変数（システムアカウントGUID）を取得できませんでした。",
                    "item/tkd_logcontent": "環境変数（システムアカウントGUID）が存在するか"
                  },
                  "host": {
                    "apiId": "/providers/Microsoft.PowerApps/apis/shared_commondataserviceforapps",
                    "operationId": "CreateRecord",
                    "connectionName": "shared_commondataserviceforapps"
                  }
                },
                "metadata": {
                  "operationMetadataId": "e1698648-206a-4a65-929e-384d9b5323f8"
                }
              }
            }
          },
          "runAfter": {
            "環境変数を一覧にする": [
              "Succeeded"
            ]
          },
          "metadata": {
            "operationMetadataId": "86931bfb-b2c2-4b8c-8ee5-f9a35407b940"
          }
        },
        "ログを出力する（フロー開始）": {
          "type": "OpenApiConnection",
          "inputs": {
            "parameters": {
              "entityName": "tkd_eventlogs",
              "item/tkd_loglevel": 2,
              "item/tkd_eventid": "@workflow()?['run']?['id']",
              "item/tkd_logcomponent": "@workflow()?['tags']?['flowDisplayName']",
              "item/tkd_userinformation": "@{base64ToString(triggerOutputs()?['headers']?['x-ms-user-name-encoded'])} @{triggerOutputs()?['headers']?['x-ms-user-email']}",
              "item/tkd_logmessage": "フロー「@{workflow()?['tags']?['flowDisplayName']}」を開始しました。",
              "item/tkd_logcontent": "フローを手動でトリガーする",
              "item/tkd_logresult": "@workflow()"
            },
            "host": {
              "apiId": "/providers/Microsoft.PowerApps/apis/shared_commondataserviceforapps",
              "operationId": "CreateRecord",
              "connectionName": "shared_commondataserviceforapps"
            }
          },
          "runAfter": {},
          "metadata": {
            "operationMetadataId": "ff344a23-53f8-43c3-ab86-b14e0b057195"
          }
        }
      }
    },
    "templateName": null
  },
  "schemaVersion": "1.0.0.0"
}