{
  "properties": {
    "connectionReferences": {
      "shared_commondataserviceforapps": {
        "api": {
          "name": "shared_commondataserviceforapps"
        },
        "connection": {
          "connectionReferenceLogicalName": "tkd_sharedcommondataserviceforapps_d097f"
        },
        "runtimeSource": "embedded"
      }
    },
    "definition": {
      "$schema": "https://schema.management.azure.com/providers/Microsoft.Logic/schemas/2016-06-01/workflowdefinition.json#",
      "contentVersion": "1.0.0.0",
      "parameters": {
        "$authentication": {
          "defaultValue": {},
          "type": "SecureObject"
        },
        "$connections": {
          "defaultValue": {},
          "type": "Object"
        }
      },
      "triggers": {
        "manual": {
          "type": "Request",
          "kind": "Button",
          "inputs": {
            "schema": {
              "type": "object",
              "properties": {},
              "required": []
            }
          },
          "metadata": {
            "operationMetadataId": "dcff0cb5-79a5-4182-b4c3-8f5ca27708c7"
          }
        }
      },
      "actions": {
        "環境変数を一覧にする": {
          "type": "OpenApiConnection",
          "inputs": {
            "parameters": {
              "entityName": "environmentvariablevalues",
              "$filter": "schemaname eq '@{outputs('モデル駆動型の申請アプリGUIDを格納する環境変数の名前')}'",
              "$top": 1
            },
            "host": {
              "apiId": "/providers/Microsoft.PowerApps/apis/shared_commondataserviceforapps",
              "operationId": "ListRecords",
              "connectionName": "shared_commondataserviceforapps"
            }
          },
          "runAfter": {
            "モデル駆動型アプリが存在するか": [
              "Succeeded"
            ]
          },
          "metadata": {
            "operationMetadataId": "966fffb9-4fdd-4aac-a570-141d3edc5b9b"
          }
        },
        "モデル駆動型の申請アプリレコードを取得する": {
          "type": "OpenApiConnection",
          "inputs": {
            "parameters": {
              "entityName": "appmodules",
              "$filter": "uniquename eq '@{outputs('モデル駆動型の申請アプリのuniquename')}'",
              "$top": 1
            },
            "host": {
              "apiId": "/providers/Microsoft.PowerApps/apis/shared_commondataserviceforapps",
              "operationId": "ListRecords",
              "connectionName": "shared_commondataserviceforapps"
            }
          },
          "runAfter": {
            "モデル駆動型の申請アプリGUIDを格納する環境変数の名前": [
              "Succeeded"
            ]
          }
        },
        "モデル駆動型アプリが存在するか": {
          "type": "If",
          "description": "length(outputs('モデル駆動型の申請アプリレコードを取得する')?['body/value'])",
          "expression": {
            "and": [
              {
                "greater": [
                  "@length(outputs('モデル駆動型の申請アプリレコードを取得する')?['body/value'])",
                  0
                ]
              }
            ]
          },
          "actions": {
            "モデル駆動型の申請アプリのGUID": {
              "type": "Compose",
              "description": "first(outputs('モデル駆動型の申請アプリレコードを取得する')?['body/value'])?['appmoduleid']",
              "inputs": "@first(outputs('モデル駆動型の申請アプリレコードを取得する')?['body/value'])?['appmoduleid']"
            }
          },
          "else": {
            "actions": {
              "終了": {
                "type": "Terminate",
                "inputs": {
                  "runStatus": "Failed"
                }
              }
            }
          },
          "runAfter": {
            "モデル駆動型の申請アプリレコードを取得する": [
              "Succeeded"
            ]
          }
        },
        "モデル駆動型の申請アプリGUIDを格納する環境変数の名前": {
          "type": "Compose",
          "inputs": "tkd_ApplicationAppGUID",
          "runAfter": {
            "モデル駆動型の申請アプリのuniquename": [
              "Succeeded"
            ]
          },
          "metadata": {
            "operationMetadataId": "f374e76c-95e3-4723-aa94-4c5ea5a965f2"
          }
        },
        "環境変数の値を更新する": {
          "type": "OpenApiConnection",
          "description": "first(outputs('環境変数を一覧にする')?['body/value'])?['environmentvariablevalueid']",
          "inputs": {
            "parameters": {
              "entityName": "environmentvariablevalues",
              "recordId": "@first(outputs('環境変数を一覧にする')?['body/value'])?['environmentvariablevalueid']",
              "item/value": "@outputs('モデル駆動型の申請アプリのGUID')"
            },
            "host": {
              "apiId": "/providers/Microsoft.PowerApps/apis/shared_commondataserviceforapps",
              "operationId": "UpdateOnlyRecord",
              "connectionName": "shared_commondataserviceforapps"
            }
          },
          "runAfter": {
            "環境変数を一覧にする": [
              "Succeeded"
            ]
          }
        },
        "モデル駆動型の申請アプリのuniquename": {
          "type": "Compose",
          "inputs": "tkd_8ce0fcb3fb86e01e",
          "runAfter": {}
        }
      }
    },
    "templateName": null
  },
  "schemaVersion": "1.0.0.0"
}