{
  "properties": {
    "connectionReferences": {
      "shared_commondataserviceforapps": {
        "api": {
          "name": "shared_commondataserviceforapps"
        },
        "connection": {
          "connectionReferenceLogicalName": "tkd_sharedcommondataserviceforapps_d097f"
        },
        "runtimeSource": "embedded"
      }
    },
    "definition": {
      "$schema": "https://schema.management.azure.com/providers/Microsoft.Logic/schemas/2016-06-01/workflowdefinition.json#",
      "contentVersion": "1.0.0.0",
      "parameters": {
        "$authentication": {
          "defaultValue": {},
          "type": "SecureObject"
        },
        "$connections": {
          "defaultValue": {},
          "type": "Object"
        }
      },
      "triggers": {
        "行が追加、変更、または削除された場合": {
          "type": "OpenApiConnectionWebhook",
          "inputs": {
            "parameters": {
              "subscriptionRequest/message": 3,
              "subscriptionRequest/entityname": "tkd_attachmentimage",
              "subscriptionRequest/scope": 4,
              "subscriptionRequest/filteringattributes": "tkd_image"
            },
            "host": {
              "apiId": "/providers/Microsoft.PowerApps/apis/shared_commondataserviceforapps",
              "operationId": "SubscribeWebhookTrigger",
              "connectionName": "shared_commondataserviceforapps"
            }
          },
          "metadata": {
            "operationMetadataId": "ef18cfbe-8704-4873-8e15-c3fa07aadf49"
          }
        }
      },
      "actions": {
        "ファイル名": {
          "type": "Compose",
          "inputs": "@{triggerOutputs()?['body/tkd_attachmentimageid']}.jpg",
          "runAfter": {
            "ログを出力する（フロー開始）": [
              "SUCCEEDED"
            ]
          },
          "metadata": {
            "operationMetadataId": "8b77521d-2c7b-402b-8076-405a6e7fa587"
          }
        },
        "ファイル名が設定されているか": {
          "type": "If",
          "expression": {
            "and": [
              {
                "not": {
                  "equals": [
                    "@outputs('ファイル名')",
                    ""
                  ]
                }
              },
              {
                "equals": [
                  "@outputs('ファイル名')",
                  ".jpg"
                ]
              }
            ]
          },
          "actions": {
            "ファイル名を更新する": {
              "type": "OpenApiConnection",
              "inputs": {
                "parameters": {
                  "entityName": "tkd_attachmentimages",
                  "recordId": "@triggerOutputs()?['body/tkd_attachmentimageid']",
                  "item/tkd_filename": "@outputs('ファイル名')"
                },
                "host": {
                  "apiId": "/providers/Microsoft.PowerApps/apis/shared_commondataserviceforapps",
                  "operationId": "UpdateOnlyRecord",
                  "connectionName": "shared_commondataserviceforapps"
                }
              },
              "runAfter": {
                "ログを出力する（ファイル名設定済）": [
                  "SUCCEEDED"
                ]
              }
            },
            "ログを出力する（ファイル名設定済）": {
              "type": "OpenApiConnection",
              "inputs": {
                "parameters": {
                  "entityName": "tkd_eventlogs",
                  "item/tkd_loglevel": 2,
                  "item/tkd_eventid": "@workflow()?['run']?['id']",
                  "item/tkd_logcomponent": "@workflow()?['tags']?['flowDisplayName']",
                  "item/tkd_userinformation": " @{triggerOutputs()?['body/_modifiedby_value']}",
                  "item/tkd_resourceid": "@triggerOutputs()?['body/tkd_attachmentfileid']",
                  "item/tkd_logmessage": "ファイル名は「@{outputs('ファイル名')}」と設定されています。",
                  "item/tkd_logcontent": "ファイル名が設定されているか"
                },
                "host": {
                  "apiId": "/providers/Microsoft.PowerApps/apis/shared_commondataserviceforapps",
                  "operationId": "CreateRecord",
                  "connectionName": "shared_commondataserviceforapps"
                }
              }
            },
            "ログを出力する（ファイル名更新）": {
              "type": "OpenApiConnection",
              "inputs": {
                "parameters": {
                  "entityName": "tkd_eventlogs",
                  "item/tkd_loglevel": 2,
                  "item/tkd_eventid": "@workflow()?['run']?['id']",
                  "item/tkd_logcomponent": "@workflow()?['tags']?['flowDisplayName']",
                  "item/tkd_userinformation": " @{triggerOutputs()?['body/_modifiedby_value']}",
                  "item/tkd_resourceid": "@triggerOutputs()?['body/tkd_attachmentfileid']",
                  "item/tkd_logmessage": "ファイル名を「@{outputs('ファイル名')}」に更新しました。",
                  "item/tkd_logcontent": "ファイル名を更新する"
                },
                "host": {
                  "apiId": "/providers/Microsoft.PowerApps/apis/shared_commondataserviceforapps",
                  "operationId": "CreateRecord",
                  "connectionName": "shared_commondataserviceforapps"
                }
              },
              "runAfter": {
                "ファイル名を更新する": [
                  "SUCCEEDED"
                ]
              }
            }
          },
          "else": {
            "actions": {
              "ログを出力する（ファイル名未設定）": {
                "type": "OpenApiConnection",
                "inputs": {
                  "parameters": {
                    "entityName": "tkd_eventlogs",
                    "item/tkd_loglevel": 2,
                    "item/tkd_eventid": "@workflow()?['run']?['id']",
                    "item/tkd_logcomponent": "@workflow()?['tags']?['flowDisplayName']",
                    "item/tkd_userinformation": " @{triggerOutputs()?['body/_modifiedby_value']}",
                    "item/tkd_resourceid": "@triggerOutputs()?['body/tkd_attachmentfileid']",
                    "item/tkd_logmessage": "ファイル名が設定されていません。",
                    "item/tkd_logcontent": "ファイル名が設定されているか"
                  },
                  "host": {
                    "apiId": "/providers/Microsoft.PowerApps/apis/shared_commondataserviceforapps",
                    "operationId": "CreateRecord",
                    "connectionName": "shared_commondataserviceforapps"
                  }
                }
              }
            }
          },
          "runAfter": {
            "ファイル名": [
              "Succeeded"
            ]
          }
        },
        "ログを出力する（フロー開始）": {
          "type": "OpenApiConnection",
          "inputs": {
            "parameters": {
              "entityName": "tkd_eventlogs",
              "item/tkd_loglevel": 2,
              "item/tkd_eventid": "@workflow()?['run']?['id']",
              "item/tkd_logcomponent": "@workflow()?['tags']?['flowDisplayName']",
              "item/tkd_userinformation": " @{triggerOutputs()?['body/_modifiedby_value']}",
              "item/tkd_resourceid": "@triggerOutputs()?['body/tkd_attachmentimageid']",
              "item/tkd_logmessage": "フロー「@{workflow()?['tags']?['flowDisplayName']}」を開始しました。",
              "item/tkd_logcontent": "フローを手動でトリガーする",
              "item/tkd_logresult": "@workflow()"
            },
            "host": {
              "apiId": "/providers/Microsoft.PowerApps/apis/shared_commondataserviceforapps",
              "operationId": "CreateRecord",
              "connectionName": "shared_commondataserviceforapps"
            }
          },
          "runAfter": {}
        }
      }
    },
    "templateName": null
  },
  "schemaVersion": "1.0.0.0"
}