{
  "properties": {
    "connectionReferences": {
      "shared_commondataserviceforapps": {
        "api": {
          "name": "shared_commondataserviceforapps"
        },
        "connection": {
          "connectionReferenceLogicalName": "tkd_sharedcommondataserviceforapps_d097f"
        },
        "runtimeSource": "embedded"
      }
    },
    "definition": {
      "$schema": "https://schema.management.azure.com/providers/Microsoft.Logic/schemas/2016-06-01/workflowdefinition.json#",
      "contentVersion": "1.0.0.0",
      "parameters": {
        "$authentication": {
          "defaultValue": {},
          "type": "SecureObject"
        },
        "$connections": {
          "defaultValue": {},
          "type": "Object"
        }
      },
      "triggers": {
        "申請ステータスが「提出」の行が追加、変更された場合": {
          "type": "OpenApiConnectionWebhook",
          "inputs": {
            "parameters": {
              "subscriptionRequest/message": 4,
              "subscriptionRequest/entityname": "tkd_application",
              "subscriptionRequest/scope": 4,
              "subscriptionRequest/filteringattributes": "tkd_applicationstatus",
              "subscriptionRequest/filterexpression": "tkd_applicationstatus eq 10"
            },
            "host": {
              "apiId": "/providers/Microsoft.PowerApps/apis/shared_commondataserviceforapps",
              "operationId": "SubscribeWebhookTrigger",
              "connectionName": "shared_commondataserviceforapps"
            }
          },
          "metadata": {
            "operationMetadataId": "174b11f9-41d0-4711-8f50-87e9bcfcf433"
          }
        }
      },
      "actions": {
        "申請レコードのGUID": {
          "type": "Compose",
          "inputs": "@triggerOutputs()?['body/tkd_applicationid']",
          "runAfter": {},
          "metadata": {
            "operationMetadataId": "68d392dd-5988-41df-92f9-22ac2823ddce"
          }
        },
        "所有権の刈り取り": {
          "type": "Scope",
          "actions": {
            "子フローを実行して、所有権を刈り取る": {
              "type": "Workflow",
              "inputs": {
                "host": {
                  "workflowReferenceName": "56e3e9e0-5d04-f011-bae3-000d3ace55f2"
                },
                "body": {
                  "text": "@outputs('申請レコードのGUID')"
                }
              },
              "metadata": {
                "operationMetadataId": "1630cb07-d58f-404d-adbd-3f6eea9eff13"
              }
            },
            "子フローの実行が正常に終了したか": {
              "type": "If",
              "expression": {
                "and": [
                  {
                    "equals": [
                      "@body('子フローを実行して、所有権を刈り取る')?['issuccess']",
                      true
                    ]
                  }
                ]
              },
              "actions": {
                "子フローの実行結果メッセージ": {
                  "type": "Compose",
                  "inputs": "@body('子フローを実行して、所有権を刈り取る')?['message']",
                  "metadata": {
                    "operationMetadataId": "beb42c2e-af67-46ca-bcf8-7aeab9ac2e78"
                  }
                }
              },
              "else": {
                "actions": {
                  "終了": {
                    "type": "Terminate",
                    "inputs": {
                      "runStatus": "Failed",
                      "runError": {
                        "message": "@{body('子フローを実行して、所有権を刈り取る')?['message']}"
                      }
                    },
                    "metadata": {
                      "operationMetadataId": "b2d49bc7-2005-46fc-bc3a-1d1cd59cc102"
                    }
                  }
                }
              },
              "runAfter": {
                "子フローを実行して、所有権を刈り取る": [
                  "SUCCEEDED"
                ]
              },
              "metadata": {
                "operationMetadataId": "d9965743-47fe-41d5-85ba-59485e722bbb"
              }
            }
          },
          "runAfter": {
            "申請レコードのGUID": [
              "SUCCEEDED"
            ]
          }
        },
        "申請ステータスの更新（進行中）": {
          "type": "OpenApiConnection",
          "inputs": {
            "parameters": {
              "entityName": "tkd_applications",
              "recordId": "@outputs('申請レコードのGUID')",
              "item/tkd_applicationstatus": 11
            },
            "host": {
              "apiId": "/providers/Microsoft.PowerApps/apis/shared_commondataserviceforapps",
              "operationId": "UpdateOnlyRecord",
              "connectionName": "shared_commondataserviceforapps"
            }
          },
          "runAfter": {
            "所有権の刈り取り": [
              "SUCCEEDED"
            ]
          }
        },
        "申請者・承認者へのレコード共有": {
          "type": "Scope",
          "actions": {
            "子フローを実行して、レコードを共有する": {
              "type": "Workflow",
              "inputs": {
                "host": {
                  "workflowReferenceName": "ddee8815-8204-f011-bae3-000d3ace55f2"
                },
                "body": {
                  "text": "@outputs('申請レコードのGUID')"
                }
              },
              "metadata": {
                "operationMetadataId": "1630cb07-d58f-404d-adbd-3f6eea9eff13"
              }
            },
            "子フローの実行が正常に終了したか_1": {
              "type": "If",
              "expression": {
                "and": [
                  {
                    "equals": [
                      "@body('子フローを実行して、所有権を刈り取る')?['issuccess']",
                      true
                    ]
                  }
                ]
              },
              "actions": {
                "子フローの実行結果メッセージ_1": {
                  "type": "Compose",
                  "inputs": "@body('子フローを実行して、レコードを共有する')?['message']",
                  "metadata": {
                    "operationMetadataId": "beb42c2e-af67-46ca-bcf8-7aeab9ac2e78"
                  }
                }
              },
              "else": {
                "actions": {
                  "終了_1": {
                    "type": "Terminate",
                    "inputs": {
                      "runStatus": "Failed",
                      "runError": {
                        "message": "@body('子フローを実行して、レコードを共有する')?['message']"
                      }
                    },
                    "metadata": {
                      "operationMetadataId": "b2d49bc7-2005-46fc-bc3a-1d1cd59cc102"
                    }
                  }
                }
              },
              "runAfter": {
                "子フローを実行して、レコードを共有する": [
                  "SUCCEEDED"
                ]
              },
              "metadata": {
                "operationMetadataId": "d9965743-47fe-41d5-85ba-59485e722bbb"
              }
            }
          },
          "runAfter": {
            "申請ステータスの更新（進行中）": [
              "SUCCEEDED"
            ]
          }
        }
      }
    },
    "templateName": null
  },
  "schemaVersion": "1.0.0.0"
}