{
  "properties": {
    "connectionReferences": {
      "shared_commondataserviceforapps": {
        "api": {
          "name": "shared_commondataserviceforapps"
        },
        "connection": {
          "connectionReferenceLogicalName": "tkd_sharedcommondataserviceforapps_d097f"
        },
        "runtimeSource": "embedded"
      }
    },
    "definition": {
      "$schema": "https://schema.management.azure.com/providers/Microsoft.Logic/schemas/2016-06-01/workflowdefinition.json#",
      "contentVersion": "1.0.0.0",
      "parameters": {
        "$authentication": {
          "defaultValue": {},
          "type": "SecureObject"
        },
        "$connections": {
          "defaultValue": {},
          "type": "Object"
        },
        "システムアカウントGUID (tkd_SystemAccountGUID)": {
          "defaultValue": "c405ea7c-2100-f011-bae4-002248e8e529",
          "type": "String",
          "metadata": {
            "schemaName": "tkd_SystemAccountGUID",
            "description": "システムアカウントを示すユーザーテーブルレコードのGUID"
          }
        }
      },
      "triggers": {
        "manual": {
          "type": "Request",
          "kind": "Button",
          "inputs": {
            "schema": {
              "type": "object",
              "properties": {
                "text": {
                  "title": "申請レコードGUID",
                  "type": "string",
                  "x-ms-dynamically-added": true,
                  "description": "申請レコードのGUIDを指定してください",
                  "x-ms-content-hint": "TEXT"
                }
              },
              "required": [
                "text"
              ]
            }
          },
          "metadata": {
            "operationMetadataId": "aa09e3f6-adb0-4255-bdbb-b5bbec6954b2"
          }
        }
      },
      "actions": {
        "申請レコードのGUID": {
          "type": "Compose",
          "description": "if(empty(coalesce(triggerBody()?['text'], '')), '', triggerBody()['text'])",
          "inputs": "@if(empty(coalesce(triggerBody()?['text'], '')), '', triggerBody()['text'])",
          "runAfter": {
            "ログを出力する（フロー開始）": [
              "Succeeded"
            ]
          },
          "metadata": {
            "operationMetadataId": "68d392dd-5988-41df-92f9-22ac2823ddce"
          }
        },
        "申請レコードのGUIDが取得できたら": {
          "type": "If",
          "expression": {
            "not": {
              "equals": [
                "@outputs('申請レコードのGUID')",
                ""
              ]
            }
          },
          "actions": {
            "新たな所有者のGUID": {
              "type": "Compose",
              "inputs": "@parameters('システムアカウントGUID (tkd_SystemAccountGUID)')",
              "runAfter": {
                "ログを出力する（申請GUID取得済）": [
                  "Succeeded"
                ]
              },
              "metadata": {
                "operationMetadataId": "09a6b03d-e26f-46b2-ac85-ca3d10152fa9"
              }
            },
            "ログを出力する（申請GUID取得済）": {
              "type": "OpenApiConnection",
              "inputs": {
                "parameters": {
                  "entityName": "tkd_eventlogs",
                  "item/tkd_loglevel": 2,
                  "item/tkd_eventid": "@workflow()?['run']?['id']",
                  "item/tkd_logcomponent": "@workflow()?['tags']?['flowDisplayName']",
                  "item/tkd_logmessage": "申請レコードのGUIDを取得しました。",
                  "item/tkd_logcontent": "申請レコードのGUIDが取得できたら"
                },
                "host": {
                  "apiId": "/providers/Microsoft.PowerApps/apis/shared_commondataserviceforapps",
                  "operationId": "CreateRecord",
                  "connectionName": "shared_commondataserviceforapps"
                }
              }
            },
            "ログを出力する（新たな所有者のGUID）": {
              "type": "OpenApiConnection",
              "inputs": {
                "parameters": {
                  "entityName": "tkd_eventlogs",
                  "item/tkd_loglevel": 2,
                  "item/tkd_eventid": "@workflow()?['run']?['id']",
                  "item/tkd_logcomponent": "@workflow()?['tags']?['flowDisplayName']",
                  "item/tkd_logmessage": "新たな所有者のGUIDを取得しました。",
                  "item/tkd_logcontent": "新たな所有者のGUID",
                  "item/tkd_logresult": "@outputs('新たな所有者のGUID')"
                },
                "host": {
                  "apiId": "/providers/Microsoft.PowerApps/apis/shared_commondataserviceforapps",
                  "operationId": "CreateRecord",
                  "connectionName": "shared_commondataserviceforapps"
                }
              },
              "runAfter": {
                "新たな所有者のGUID": [
                  "SUCCEEDED"
                ]
              }
            }
          },
          "else": {
            "actions": {
              "Respond_to_a_Power_App_or_flow": {
                "type": "Response",
                "kind": "PowerApp",
                "inputs": {
                  "schema": {
                    "type": "object",
                    "properties": {
                      "issuccess": {
                        "title": "IsSuccess",
                        "x-ms-dynamically-added": true,
                        "type": "boolean"
                      },
                      "applicationguid": {
                        "title": "ApplicationGUID",
                        "x-ms-dynamically-added": true,
                        "type": "string"
                      },
                      "message": {
                        "title": "Message",
                        "x-ms-dynamically-added": true,
                        "type": "string"
                      }
                    },
                    "additionalProperties": {}
                  },
                  "statusCode": 200,
                  "body": {
                    "issuccess": false,
                    "message": "申請レコードのGUIDが設定されていないため、所有者の変更処理をスキップしました。"
                  }
                },
                "runAfter": {
                  "ログを出力する（申請GUID未取得）": [
                    "Succeeded"
                  ]
                },
                "metadata": {
                  "operationMetadataId": "efbf8341-054d-465e-971f-552d5cb4b76e"
                }
              },
              "ログを出力する（申請GUID未取得）": {
                "type": "OpenApiConnection",
                "inputs": {
                  "parameters": {
                    "entityName": "tkd_eventlogs",
                    "item/tkd_loglevel": 2,
                    "item/tkd_eventid": "@workflow()?['run']?['id']",
                    "item/tkd_logcomponent": "@workflow()?['tags']?['flowDisplayName']",
                    "item/tkd_logmessage": "申請レコードのGUIDを取得できませんでした。",
                    "item/tkd_logcontent": "申請レコードのGUIDが取得できたら"
                  },
                  "host": {
                    "apiId": "/providers/Microsoft.PowerApps/apis/shared_commondataserviceforapps",
                    "operationId": "CreateRecord",
                    "connectionName": "shared_commondataserviceforapps"
                  }
                }
              },
              "終了": {
                "type": "Terminate",
                "inputs": {
                  "runStatus": "Failed"
                },
                "runAfter": {
                  "Respond_to_a_Power_App_or_flow": [
                    "Succeeded"
                  ]
                },
                "metadata": {
                  "operationMetadataId": "6bdbb280-d54b-4f8e-8476-93926e959d00"
                }
              }
            }
          },
          "runAfter": {
            "申請レコードのGUID": [
              "Succeeded"
            ]
          },
          "metadata": {
            "operationMetadataId": "034a5121-fbf6-4aba-ac32-63ec1ffba8aa"
          }
        },
        "ログを出力する（フロー開始）": {
          "type": "OpenApiConnection",
          "inputs": {
            "parameters": {
              "entityName": "tkd_eventlogs",
              "item/tkd_loglevel": 2,
              "item/tkd_eventid": "@workflow()?['run']?['id']",
              "item/tkd_logcomponent": "@workflow()?['tags']?['flowDisplayName']",
              "item/tkd_logmessage": "フロー「@{workflow()?['tags']?['flowDisplayName']}」を開始しました。",
              "item/tkd_logcontent": "フローを手動でトリガーする",
              "item/tkd_logresult": "@workflow()"
            },
            "host": {
              "apiId": "/providers/Microsoft.PowerApps/apis/shared_commondataserviceforapps",
              "operationId": "CreateRecord",
              "connectionName": "shared_commondataserviceforapps"
            }
          },
          "runAfter": {}
        },
        "システムアカウントGUIDが設定済か": {
          "type": "If",
          "expression": {
            "not": {
              "equals": [
                "@outputs('新たな所有者のGUID')",
                ""
              ]
            }
          },
          "actions": {
            "申請レコードを取得する": {
              "type": "OpenApiConnection",
              "inputs": {
                "parameters": {
                  "entityName": "tkd_applications",
                  "recordId": "@outputs('申請レコードのGUID')"
                },
                "host": {
                  "apiId": "/providers/Microsoft.PowerApps/apis/shared_commondataserviceforapps",
                  "operationId": "GetItem",
                  "connectionName": "shared_commondataserviceforapps"
                }
              },
              "runAfter": {
                "ログを出力する（システムアカウントGUID設定済）": [
                  "Succeeded"
                ]
              },
              "metadata": {
                "operationMetadataId": "e54c4842-fbb2-4816-b575-335eb1eeb18a"
              }
            },
            "ログを出力する（申請レコード取得）": {
              "type": "OpenApiConnection",
              "inputs": {
                "parameters": {
                  "entityName": "tkd_eventlogs",
                  "item/tkd_loglevel": 2,
                  "item/tkd_eventid": "@workflow()?['run']?['id']",
                  "item/tkd_logcomponent": "@workflow()?['tags']?['flowDisplayName']",
                  "item/tkd_logmessage": "申請レコードを取得しました。",
                  "item/tkd_logcontent": "申請レコードを取得する",
                  "item/tkd_logresult": "@outputs('申請レコードを取得する')?['body/tkd_applicationid']"
                },
                "host": {
                  "apiId": "/providers/Microsoft.PowerApps/apis/shared_commondataserviceforapps",
                  "operationId": "CreateRecord",
                  "connectionName": "shared_commondataserviceforapps"
                }
              },
              "runAfter": {
                "申請レコードを取得する": [
                  "Succeeded"
                ]
              }
            },
            "ログを出力する（システムアカウントGUID設定済）": {
              "type": "OpenApiConnection",
              "inputs": {
                "parameters": {
                  "entityName": "tkd_eventlogs",
                  "item/tkd_loglevel": 2,
                  "item/tkd_eventid": "@workflow()?['run']?['id']",
                  "item/tkd_logcomponent": "@workflow()?['tags']?['flowDisplayName']",
                  "item/tkd_logmessage": "システムアカウントGUIDが設定されています。",
                  "item/tkd_logcontent": "システムアカウントGUIDが設定済か",
                  "item/tkd_logresult": "@outputs('新たな所有者のGUID')"
                },
                "host": {
                  "apiId": "/providers/Microsoft.PowerApps/apis/shared_commondataserviceforapps",
                  "operationId": "CreateRecord",
                  "connectionName": "shared_commondataserviceforapps"
                }
              }
            }
          },
          "else": {
            "actions": {
              "Respond_to_a_Power_App_or_flow_3": {
                "type": "Response",
                "kind": "PowerApp",
                "inputs": {
                  "schema": {
                    "type": "object",
                    "properties": {
                      "issuccess": {
                        "title": "IsSuccess",
                        "x-ms-dynamically-added": true,
                        "type": "boolean"
                      },
                      "applicationguid": {
                        "title": "ApplicationGUID",
                        "x-ms-dynamically-added": true,
                        "type": "string"
                      },
                      "message": {
                        "title": "Message",
                        "x-ms-dynamically-added": true,
                        "type": "string"
                      }
                    },
                    "additionalProperties": {}
                  },
                  "statusCode": 200,
                  "body": {
                    "issuccess": false,
                    "message": "システムアカウントのGUIDが設定されていないため、所有者の変更処理をスキップしました。"
                  }
                },
                "runAfter": {
                  "ログを出力する（システムアカウントGUID未設定）": [
                    "Succeeded"
                  ]
                },
                "metadata": {
                  "operationMetadataId": "20b2b97c-357d-4050-a2ab-86e4bb3f62e2"
                }
              },
              "ログを出力する（システムアカウントGUID未設定）": {
                "type": "OpenApiConnection",
                "inputs": {
                  "parameters": {
                    "entityName": "tkd_eventlogs",
                    "item/tkd_loglevel": 2,
                    "item/tkd_eventid": "@workflow()?['run']?['id']",
                    "item/tkd_logcomponent": "@workflow()?['tags']?['flowDisplayName']",
                    "item/tkd_logmessage": "システムアカウントGUIDが設定されていません。",
                    "item/tkd_logcontent": "システムアカウントGUIDが設定済か"
                  },
                  "host": {
                    "apiId": "/providers/Microsoft.PowerApps/apis/shared_commondataserviceforapps",
                    "operationId": "CreateRecord",
                    "connectionName": "shared_commondataserviceforapps"
                  }
                }
              }
            }
          },
          "runAfter": {
            "申請レコードのGUIDが取得できたら": [
              "SUCCEEDED"
            ]
          },
          "metadata": {
            "operationMetadataId": "8ca48db0-2f70-49a9-b50b-ae539008ee3a"
          }
        },
        "システムアカウント以外が作成・更新したレコードか": {
          "type": "If",
          "expression": {
            "and": [
              {
                "not": {
                  "equals": [
                    "@outputs('申請レコードを取得する')?['body/_ownerid_value']",
                    "@outputs('新たな所有者のGUID')"
                  ]
                }
              }
            ]
          },
          "actions": {
            "所有者を更新する": {
              "type": "OpenApiConnection",
              "inputs": {
                "parameters": {
                  "entityName": "tkd_applications",
                  "recordId": "@outputs('申請レコードのGUID')",
                  "item/ownerid@odata.bind": "/systemusers/@{outputs('新たな所有者のGUID')}"
                },
                "host": {
                  "apiId": "/providers/Microsoft.PowerApps/apis/shared_commondataserviceforapps",
                  "operationId": "UpdateOnlyRecord",
                  "connectionName": "shared_commondataserviceforapps"
                }
              },
              "runAfter": {
                "ログを出力する（システムアカウント以外）": [
                  "Succeeded"
                ]
              },
              "metadata": {
                "operationMetadataId": "a4ec3423-081e-4219-8424-d58cdd555175"
              }
            },
            "Respond_to_a_Power_App_or_flow_1": {
              "type": "Response",
              "kind": "PowerApp",
              "inputs": {
                "schema": {
                  "type": "object",
                  "properties": {
                    "issuccess": {
                      "title": "IsSuccess",
                      "x-ms-dynamically-added": true,
                      "type": "boolean"
                    },
                    "applicationguid": {
                      "title": "ApplicationGUID",
                      "x-ms-dynamically-added": true,
                      "type": "string"
                    },
                    "message": {
                      "title": "Message",
                      "x-ms-dynamically-added": true,
                      "type": "string"
                    }
                  },
                  "additionalProperties": {}
                },
                "statusCode": 200,
                "body": {
                  "issuccess": true,
                  "applicationguid": "@{outputs('申請レコードのGUID')}",
                  "message": "所有者を正常に変更しました。"
                }
              },
              "runAfter": {
                "ログを出力する（所有者更新）": [
                  "Succeeded"
                ]
              },
              "metadata": {
                "operationMetadataId": "b7bfbcce-3f8a-4739-a127-d431f09f7c3b"
              }
            },
            "ログを出力する（システムアカウント以外）": {
              "type": "OpenApiConnection",
              "inputs": {
                "parameters": {
                  "entityName": "tkd_eventlogs",
                  "item/tkd_loglevel": 2,
                  "item/tkd_eventid": "@workflow()?['run']?['id']",
                  "item/tkd_logcomponent": "@workflow()?['tags']?['flowDisplayName']",
                  "item/tkd_userinformation": "@outputs('申請者を取得する')?['body/internalemailaddress']",
                  "item/tkd_logmessage": "システムアカウント以外が作成・更新したレコードです。",
                  "item/tkd_logcontent": "システムアカウント以外が作成・更新したレコードか",
                  "item/tkd_logresult": "@{outputs('申請レコードを取得する')?['body/_ownerid_value']} @{outputs('新たな所有者のGUID')}"
                },
                "host": {
                  "apiId": "/providers/Microsoft.PowerApps/apis/shared_commondataserviceforapps",
                  "operationId": "CreateRecord",
                  "connectionName": "shared_commondataserviceforapps"
                }
              }
            },
            "ログを出力する（所有者更新）": {
              "type": "OpenApiConnection",
              "inputs": {
                "parameters": {
                  "entityName": "tkd_eventlogs",
                  "item/tkd_loglevel": 2,
                  "item/tkd_eventid": "@workflow()?['run']?['id']",
                  "item/tkd_logcomponent": "@workflow()?['tags']?['flowDisplayName']",
                  "item/tkd_userinformation": "@outputs('申請者を取得する')?['body/internalemailaddress']",
                  "item/tkd_logmessage": "所有者を更新しました。",
                  "item/tkd_logcontent": "所有者を更新する",
                  "item/tkd_logresult": "@outputs('所有者を更新する')?['body/_ownerid_value']"
                },
                "host": {
                  "apiId": "/providers/Microsoft.PowerApps/apis/shared_commondataserviceforapps",
                  "operationId": "CreateRecord",
                  "connectionName": "shared_commondataserviceforapps"
                }
              },
              "runAfter": {
                "所有者を更新する": [
                  "Succeeded"
                ]
              }
            }
          },
          "else": {
            "actions": {
              "Respond_to_a_Power_App_or_flow_2": {
                "type": "Response",
                "kind": "PowerApp",
                "inputs": {
                  "schema": {
                    "type": "object",
                    "properties": {
                      "issuccess": {
                        "title": "IsSuccess",
                        "x-ms-dynamically-added": true,
                        "type": "boolean"
                      },
                      "applicationguid": {
                        "title": "ApplicationGUID",
                        "x-ms-dynamically-added": true,
                        "type": "string"
                      },
                      "message": {
                        "title": "Message",
                        "x-ms-dynamically-added": true,
                        "type": "string"
                      }
                    },
                    "additionalProperties": {}
                  },
                  "statusCode": 200,
                  "body": {
                    "issuccess": true,
                    "message": "既に所有者がシステムアカウントのため、所有者の変更処理をスキップしました。"
                  }
                },
                "runAfter": {
                  "ログを出力する（システムアカウント）": [
                    "Succeeded"
                  ]
                },
                "metadata": {
                  "operationMetadataId": "64527af8-ce88-490b-8793-345eef7663c0"
                }
              },
              "ログを出力する（システムアカウント）": {
                "type": "OpenApiConnection",
                "inputs": {
                  "parameters": {
                    "entityName": "tkd_eventlogs",
                    "item/tkd_loglevel": 2,
                    "item/tkd_eventid": "@workflow()?['run']?['id']",
                    "item/tkd_logcomponent": "@workflow()?['tags']?['flowDisplayName']",
                    "item/tkd_userinformation": "@outputs('申請者を取得する')?['body/internalemailaddress']",
                    "item/tkd_logmessage": "システムアカウントが作成・更新したレコードです。",
                    "item/tkd_logcontent": "システムアカウント以外が作成・更新したレコードか",
                    "item/tkd_logresult": "@outputs('申請レコードを取得する')?['body/_ownerid_value']"
                  },
                  "host": {
                    "apiId": "/providers/Microsoft.PowerApps/apis/shared_commondataserviceforapps",
                    "operationId": "CreateRecord",
                    "connectionName": "shared_commondataserviceforapps"
                  }
                }
              }
            }
          },
          "runAfter": {
            "申請者のGUIDが取得できたら": [
              "SUCCEEDED"
            ]
          },
          "metadata": {
            "operationMetadataId": "f7ec3d98-336f-43e0-a8bb-49f34bbbcc25"
          }
        },
        "申請者のGUID": {
          "type": "Compose",
          "inputs": "@outputs('申請レコードを取得する')?['body/_tkd_appliedby_value']",
          "runAfter": {
            "システムアカウントGUIDが設定済か": [
              "SUCCEEDED"
            ]
          },
          "metadata": {
            "operationMetadataId": "ffd03517-7fce-4c95-bdae-2ac0e92d753f"
          }
        },
        "申請者のGUIDが取得できたら": {
          "type": "If",
          "expression": {
            "and": [
              {
                "not": {
                  "equals": [
                    "@outputs('申請者のGUID')",
                    ""
                  ]
                }
              }
            ]
          },
          "actions": {
            "申請者を取得する": {
              "type": "OpenApiConnection",
              "inputs": {
                "parameters": {
                  "entityName": "systemusers",
                  "recordId": "@outputs('申請者のGUID')"
                },
                "host": {
                  "apiId": "/providers/Microsoft.PowerApps/apis/shared_commondataserviceforapps",
                  "operationId": "GetItem",
                  "connectionName": "shared_commondataserviceforapps"
                }
              },
              "runAfter": {
                "ログを出力する（申請者GUID取得済）": [
                  "Succeeded"
                ]
              },
              "metadata": {
                "operationMetadataId": "4822a7b5-65ec-45c5-8a31-eec072b46856"
              }
            },
            "ログを出力する（申請者GUID取得済）": {
              "type": "OpenApiConnection",
              "inputs": {
                "parameters": {
                  "entityName": "tkd_eventlogs",
                  "item/tkd_loglevel": 2,
                  "item/tkd_eventid": "@workflow()?['run']?['id']",
                  "item/tkd_logcomponent": "@workflow()?['tags']?['flowDisplayName']",
                  "item/tkd_logmessage": "申請者のGUIDを取得しました。",
                  "item/tkd_logcontent": "申請者のGUIDが取得できたら",
                  "item/tkd_logresult": "@outputs('申請者のGUID')"
                },
                "host": {
                  "apiId": "/providers/Microsoft.PowerApps/apis/shared_commondataserviceforapps",
                  "operationId": "CreateRecord",
                  "connectionName": "shared_commondataserviceforapps"
                }
              }
            },
            "ログを出力する（申請者取得済）": {
              "type": "OpenApiConnection",
              "inputs": {
                "parameters": {
                  "entityName": "tkd_eventlogs",
                  "item/tkd_loglevel": 2,
                  "item/tkd_eventid": "@workflow()?['run']?['id']",
                  "item/tkd_logcomponent": "@workflow()?['tags']?['flowDisplayName']",
                  "item/tkd_userinformation": "@outputs('申請者を取得する')?['body/internalemailaddress']",
                  "item/tkd_logmessage": "申請者を取得しました。",
                  "item/tkd_logcontent": "申請者を取得する",
                  "item/tkd_logresult": "@outputs('申請者を取得する')?['body/systemuserid']"
                },
                "host": {
                  "apiId": "/providers/Microsoft.PowerApps/apis/shared_commondataserviceforapps",
                  "operationId": "CreateRecord",
                  "connectionName": "shared_commondataserviceforapps"
                }
              },
              "runAfter": {
                "申請者を取得する": [
                  "Succeeded"
                ]
              }
            }
          },
          "else": {
            "actions": {
              "Respond_to_a_Power_App_or_flow_4": {
                "type": "Response",
                "kind": "PowerApp",
                "inputs": {
                  "schema": {
                    "type": "object",
                    "properties": {
                      "issuccess": {
                        "title": "IsSuccess",
                        "x-ms-dynamically-added": true,
                        "type": "boolean"
                      },
                      "applicationguid": {
                        "title": "ApplicationGUID",
                        "x-ms-dynamically-added": true,
                        "type": "string"
                      },
                      "message": {
                        "title": "Message",
                        "x-ms-dynamically-added": true,
                        "type": "string"
                      }
                    },
                    "additionalProperties": {}
                  },
                  "statusCode": 200,
                  "body": {
                    "issuccess": false,
                    "message": "申請者のGUIDが設定されていないため、レコードの共有処理をスキップしました。"
                  }
                },
                "runAfter": {
                  "ログを出力する（申請者GUID未取得）": [
                    "Succeeded"
                  ]
                },
                "metadata": {
                  "operationMetadataId": "efbf8341-054d-465e-971f-552d5cb4b76e"
                }
              },
              "終了_1": {
                "type": "Terminate",
                "inputs": {
                  "runStatus": "Failed"
                },
                "runAfter": {
                  "Respond_to_a_Power_App_or_flow_4": [
                    "Succeeded"
                  ]
                },
                "metadata": {
                  "operationMetadataId": "6bdbb280-d54b-4f8e-8476-93926e959d00"
                }
              },
              "ログを出力する（申請者GUID未取得）": {
                "type": "OpenApiConnection",
                "inputs": {
                  "parameters": {
                    "entityName": "tkd_eventlogs",
                    "item/tkd_loglevel": 2,
                    "item/tkd_eventid": "@workflow()?['run']?['id']",
                    "item/tkd_logcomponent": "@workflow()?['tags']?['flowDisplayName']",
                    "item/tkd_logmessage": "申請者のGUIDが取得できませんでした。",
                    "item/tkd_logcontent": "申請者のGUIDが取得できたら"
                  },
                  "host": {
                    "apiId": "/providers/Microsoft.PowerApps/apis/shared_commondataserviceforapps",
                    "operationId": "CreateRecord",
                    "connectionName": "shared_commondataserviceforapps"
                  }
                }
              }
            }
          },
          "runAfter": {
            "申請者のGUID": [
              "SUCCEEDED"
            ]
          },
          "metadata": {
            "operationMetadataId": "187f80ea-eefc-4273-ab26-dfdd3e73f5d9"
          }
        }
      }
    },
    "templateName": null
  },
  "schemaVersion": "1.0.0.0"
}