{
  "properties": {
    "connectionReferences": {
      "shared_commondataserviceforapps": {
        "impersonation": {},
        "runtimeSource": "embedded",
        "connection": {
          "connectionReferenceLogicalName": "tkd_sharedcommondataserviceforapps_d097f"
        },
        "api": {
          "name": "shared_commondataserviceforapps"
        }
      }
    },
    "definition": {
      "$schema": "https://schema.management.azure.com/providers/Microsoft.Logic/schemas/2016-06-01/workflowdefinition.json#",
      "contentVersion": "1.0.0.0",
      "parameters": {
        "$connections": {
          "defaultValue": {},
          "type": "Object"
        },
        "$authentication": {
          "defaultValue": {},
          "type": "SecureObject"
        },
        "システムアカウントGUID (tkd_SystemAccountGUID)": {
          "defaultValue": "c405ea7c-2100-f011-bae4-002248e8e529",
          "type": "String",
          "metadata": {
            "schemaName": "tkd_SystemAccountGUID",
            "description": "システムアカウントを示すユーザーテーブルレコードのGUID"
          }
        }
      },
      "triggers": {
        "manual": {
          "metadata": {
            "operationMetadataId": "aa09e3f6-adb0-4255-bdbb-b5bbec6954b2"
          },
          "type": "Request",
          "kind": "Button",
          "inputs": {
            "schema": {
              "type": "object",
              "properties": {
                "text": {
                  "title": "申請レコードGUID",
                  "type": "string",
                  "x-ms-dynamically-added": true,
                  "description": "申請レコードのGUIDを指定してください",
                  "x-ms-content-hint": "TEXT"
                }
              },
              "required": [
                "text"
              ]
            }
          }
        }
      },
      "actions": {
        "申請レコードのGUID": {
          "runAfter": {},
          "metadata": {
            "operationMetadataId": "68d392dd-5988-41df-92f9-22ac2823ddce"
          },
          "type": "Compose",
          "inputs": "@if(empty(coalesce(triggerBody()?['text'], '')), '', triggerBody()['text'])",
          "description": "if(empty(coalesce(triggerBody()?['text'], '')), '', triggerBody()['text'])"
        },
        "条件": {
          "actions": {
            "システムアカウントGUIDが設定済か": {
              "actions": {
                "システムアカウント以外が作成・更新したレコードか": {
                  "actions": {
                    "所有者を更新する": {
                      "runAfter": {},
                      "metadata": {
                        "operationMetadataId": "a4ec3423-081e-4219-8424-d58cdd555175"
                      },
                      "type": "OpenApiConnection",
                      "inputs": {
                        "host": {
                          "connectionName": "shared_commondataserviceforapps",
                          "operationId": "UpdateOnlyRecord",
                          "apiId": "/providers/Microsoft.PowerApps/apis/shared_commondataserviceforapps"
                        },
                        "parameters": {
                          "entityName": "tkd_applications",
                          "recordId": "@outputs('申請レコードのGUID')",
                          "item/ownerid@odata.bind": "/systemusers/@{outputs('新たな所有者のGUID')}"
                        },
                        "authentication": {
                          "type": "Raw",
                          "value": "@json(decodeBase64(triggerOutputs().headers['X-MS-APIM-Tokens']))['$ConnectionKey']"
                        }
                      }
                    },
                    "Respond_to_a_Power_App_or_flow_1": {
                      "runAfter": {
                        "所有者を更新する": [
                          "Succeeded"
                        ]
                      },
                      "metadata": {
                        "operationMetadataId": "b7bfbcce-3f8a-4739-a127-d431f09f7c3b"
                      },
                      "type": "Response",
                      "kind": "PowerApp",
                      "inputs": {
                        "statusCode": 200,
                        "body": {
                          "issuccess": true,
                          "applicationguid": "@{outputs('申請レコードのGUID')}",
                          "message": "所有者を正常に変更しました。"
                        },
                        "schema": {
                          "type": "object",
                          "properties": {
                            "issuccess": {
                              "title": "IsSuccess",
                              "x-ms-dynamically-added": true,
                              "type": "boolean"
                            },
                            "applicationguid": {
                              "title": "ApplicationGUID",
                              "x-ms-dynamically-added": true,
                              "type": "string"
                            },
                            "message": {
                              "title": "Message",
                              "x-ms-dynamically-added": true,
                              "type": "string"
                            }
                          }
                        }
                      }
                    }
                  },
                  "runAfter": {
                    "ID_で申請レコードを取得する": [
                      "Succeeded"
                    ]
                  },
                  "else": {
                    "actions": {
                      "Respond_to_a_Power_App_or_flow_2": {
                        "runAfter": {},
                        "metadata": {
                          "operationMetadataId": "64527af8-ce88-490b-8793-345eef7663c0"
                        },
                        "type": "Response",
                        "kind": "PowerApp",
                        "inputs": {
                          "statusCode": 200,
                          "body": {
                            "issuccess": true,
                            "message": "既に所有者がシステムアカウントのため、所有者の変更処理をスキップしました。"
                          },
                          "schema": {
                            "type": "object",
                            "properties": {
                              "issuccess": {
                                "title": "IsSuccess",
                                "x-ms-dynamically-added": true,
                                "type": "boolean"
                              },
                              "applicationguid": {
                                "title": "ApplicationGUID",
                                "x-ms-dynamically-added": true,
                                "type": "string"
                              },
                              "message": {
                                "title": "Message",
                                "x-ms-dynamically-added": true,
                                "type": "string"
                              }
                            }
                          }
                        }
                      }
                    }
                  },
                  "expression": {
                    "and": [
                      {
                        "not": {
                          "equals": [
                            "@outputs('ID_で申請レコードを取得する')?['body/_ownerid_value']",
                            "@outputs('新たな所有者のGUID')"
                          ]
                        }
                      }
                    ]
                  },
                  "metadata": {
                    "operationMetadataId": "f7ec3d98-336f-43e0-a8bb-49f34bbbcc25"
                  },
                  "type": "If"
                },
                "ID_で申請レコードを取得する": {
                  "runAfter": {},
                  "metadata": {
                    "operationMetadataId": "e54c4842-fbb2-4816-b575-335eb1eeb18a"
                  },
                  "type": "OpenApiConnection",
                  "inputs": {
                    "host": {
                      "connectionName": "shared_commondataserviceforapps",
                      "operationId": "GetItem",
                      "apiId": "/providers/Microsoft.PowerApps/apis/shared_commondataserviceforapps"
                    },
                    "parameters": {
                      "entityName": "tkd_applications",
                      "recordId": "@outputs('申請レコードのGUID')",
                      "$select": "_ownerid_value"
                    },
                    "authentication": {
                      "type": "Raw",
                      "value": "@json(decodeBase64(triggerOutputs().headers['X-MS-APIM-Tokens']))['$ConnectionKey']"
                    }
                  }
                }
              },
              "runAfter": {
                "新たな所有者のGUID": [
                  "Succeeded"
                ]
              },
              "else": {
                "actions": {
                  "Respond_to_a_Power_App_or_flow_3": {
                    "runAfter": {},
                    "metadata": {
                      "operationMetadataId": "20b2b97c-357d-4050-a2ab-86e4bb3f62e2"
                    },
                    "type": "Response",
                    "kind": "PowerApp",
                    "inputs": {
                      "statusCode": 200,
                      "body": {
                        "issuccess": false,
                        "message": "システムアカウントのGUIDが設定されていないため、所有者の変更処理をスキップしました。"
                      },
                      "schema": {
                        "type": "object",
                        "properties": {
                          "issuccess": {
                            "title": "IsSuccess",
                            "x-ms-dynamically-added": true,
                            "type": "boolean"
                          },
                          "applicationguid": {
                            "title": "ApplicationGUID",
                            "x-ms-dynamically-added": true,
                            "type": "string"
                          },
                          "message": {
                            "title": "Message",
                            "x-ms-dynamically-added": true,
                            "type": "string"
                          }
                        }
                      }
                    }
                  }
                }
              },
              "expression": {
                "not": {
                  "equals": [
                    "@outputs('新たな所有者のGUID')",
                    ""
                  ]
                }
              },
              "metadata": {
                "operationMetadataId": "8ca48db0-2f70-49a9-b50b-ae539008ee3a"
              },
              "type": "If"
            },
            "新たな所有者のGUID": {
              "runAfter": {},
              "metadata": {
                "operationMetadataId": "09a6b03d-e26f-46b2-ac85-ca3d10152fa9"
              },
              "type": "Compose",
              "inputs": "@parameters('システムアカウントGUID (tkd_SystemAccountGUID)')"
            }
          },
          "runAfter": {
            "申請レコードのGUID": [
              "Succeeded"
            ]
          },
          "else": {
            "actions": {
              "Respond_to_a_Power_App_or_flow": {
                "runAfter": {},
                "metadata": {
                  "operationMetadataId": "efbf8341-054d-465e-971f-552d5cb4b76e"
                },
                "type": "Response",
                "kind": "PowerApp",
                "inputs": {
                  "statusCode": 200,
                  "body": {
                    "issuccess": false,
                    "message": "申請レコードのGUIDが設定されていないため、所有者の変更処理をスキップしました。"
                  },
                  "schema": {
                    "type": "object",
                    "properties": {
                      "issuccess": {
                        "title": "IsSuccess",
                        "x-ms-dynamically-added": true,
                        "type": "boolean"
                      },
                      "applicationguid": {
                        "title": "ApplicationGUID",
                        "x-ms-dynamically-added": true,
                        "type": "string"
                      },
                      "message": {
                        "title": "Message",
                        "x-ms-dynamically-added": true,
                        "type": "string"
                      }
                    }
                  }
                }
              }
            }
          },
          "expression": {
            "not": {
              "equals": [
                "@outputs('申請レコードのGUID')",
                ""
              ]
            }
          },
          "metadata": {
            "operationMetadataId": "034a5121-fbf6-4aba-ac32-63ec1ffba8aa"
          },
          "type": "If"
        }
      }
    },
    "templateName": ""
  },
  "schemaVersion": "1.0.0.0"
}