{
  "properties": {
    "connectionReferences": {
      "shared_commondataserviceforapps": {
        "api": {
          "name": "shared_commondataserviceforapps"
        },
        "connection": {
          "connectionReferenceLogicalName": "tkd_sharedcommondataserviceforapps_d097f"
        },
        "runtimeSource": "embedded"
      }
    },
    "definition": {
      "$schema": "https://schema.management.azure.com/providers/Microsoft.Logic/schemas/2016-06-01/workflowdefinition.json#",
      "contentVersion": "1.0.0.0",
      "parameters": {
        "$authentication": {
          "defaultValue": {},
          "type": "SecureObject"
        },
        "$connections": {
          "defaultValue": {},
          "type": "Object"
        }
      },
      "triggers": {
        "manual": {
          "type": "Request",
          "kind": "Button",
          "inputs": {
            "schema": {
              "type": "object",
              "properties": {},
              "required": []
            }
          },
          "metadata": {
            "operationMetadataId": "dcff0cb5-79a5-4182-b4c3-8f5ca27708c7"
          }
        }
      },
      "actions": {
        "テーブル論理名": {
          "type": "Compose",
          "inputs": "tkd_eventlog",
          "runAfter": {
            "ログを出力する（フロー開始）": [
              "Succeeded"
            ]
          },
          "metadata": {
            "operationMetadataId": "f374e76c-95e3-4723-aa94-4c5ea5a965f2"
          }
        },
        "列論理名": {
          "type": "Compose",
          "inputs": "tkd_logid",
          "runAfter": {
            "テーブル論理名": [
              "Succeeded"
            ]
          },
          "metadata": {
            "operationMetadataId": "f374e76c-95e3-4723-aa94-4c5ea5a965f2"
          }
        },
        "シード値": {
          "type": "Compose",
          "inputs": 1,
          "runAfter": {
            "列論理名": [
              "Succeeded"
            ]
          }
        },
        "バインドしていないアクションを実行する": {
          "type": "OpenApiConnection",
          "inputs": {
            "parameters": {
              "actionName": "SetAutoNumberSeed",
              "item/EntityName": "@outputs('テーブル論理名')",
              "item/AttributeName": "@outputs('列論理名')",
              "item/Value": "@outputs('シード値')"
            },
            "host": {
              "apiId": "/providers/Microsoft.PowerApps/apis/shared_commondataserviceforapps",
              "operationId": "PerformUnboundAction",
              "connectionName": "shared_commondataserviceforapps"
            }
          },
          "runAfter": {
            "シード値": [
              "Succeeded"
            ]
          }
        },
        "ログを出力する（フロー開始）": {
          "type": "OpenApiConnection",
          "inputs": {
            "parameters": {
              "entityName": "tkd_eventlogs",
              "item/tkd_loglevel": 2,
              "item/tkd_eventid": "@workflow()?['run']?['id']",
              "item/tkd_logcomponent": "@workflow()?['tags']?['flowDisplayName']",
              "item/tkd_userinformation": "@{base64ToString(triggerOutputs()?['headers']?['x-ms-user-name-encoded'])} @{triggerOutputs()?['headers']?['x-ms-user-email']}",
              "item/tkd_logmessage": "フロー「@{workflow()?['tags']?['flowDisplayName']}」を開始しました。",
              "item/tkd_logcontent": "フローを手動でトリガーする",
              "item/tkd_logresult": "@workflow()"
            },
            "host": {
              "apiId": "/providers/Microsoft.PowerApps/apis/shared_commondataserviceforapps",
              "operationId": "CreateRecord",
              "connectionName": "shared_commondataserviceforapps"
            }
          },
          "runAfter": {}
        },
        "ログを出力する（SetAutoNumberSeed）": {
          "type": "OpenApiConnection",
          "inputs": {
            "parameters": {
              "entityName": "tkd_eventlogs",
              "item/tkd_loglevel": 2,
              "item/tkd_eventid": "@workflow()?['run']?['id']",
              "item/tkd_logcomponent": "@workflow()?['tags']?['flowDisplayName']",
              "item/tkd_userinformation": "@{base64ToString(triggerOutputs()?['headers']?['x-ms-user-name-encoded'])} @{triggerOutputs()?['headers']?['x-ms-user-email']}",
              "item/tkd_logmessage": "SetAutoNumberSeedアクションを実行しました。テーブル名：@{outputs('テーブル論理名')} 列名：@{outputs('列論理名')} シード値：@{outputs('シード値')}",
              "item/tkd_logresult": "@outputs('バインドしていないアクションを実行する')?['body']"
            },
            "host": {
              "apiId": "/providers/Microsoft.PowerApps/apis/shared_commondataserviceforapps",
              "operationId": "CreateRecord",
              "connectionName": "shared_commondataserviceforapps"
            }
          },
          "runAfter": {
            "バインドしていないアクションを実行する": [
              "Succeeded"
            ]
          }
        }
      }
    },
    "templateName": null
  },
  "schemaVersion": "1.0.0.0"
}