{
  "properties": {
    "connectionReferences": {
      "shared_commondataserviceforapps": {
        "api": {
          "name": "shared_commondataserviceforapps"
        },
        "connection": {
          "connectionReferenceLogicalName": "tkd_sharedcommondataserviceforapps_d097f"
        },
        "runtimeSource": "embedded"
      }
    },
    "definition": {
      "$schema": "https://schema.management.azure.com/providers/Microsoft.Logic/schemas/2016-06-01/workflowdefinition.json#",
      "contentVersion": "1.0.0.0",
      "parameters": {
        "$authentication": {
          "defaultValue": {},
          "type": "SecureObject"
        },
        "$connections": {
          "defaultValue": {},
          "type": "Object"
        }
      },
      "triggers": {
        "manual": {
          "type": "Request",
          "kind": "Button",
          "inputs": {
            "schema": {
              "type": "object",
              "properties": {},
              "required": []
            }
          },
          "metadata": {
            "operationMetadataId": "dcff0cb5-79a5-4182-b4c3-8f5ca27708c7"
          }
        }
      },
      "actions": {
        "環境変数を一覧にする": {
          "type": "OpenApiConnection",
          "inputs": {
            "parameters": {
              "entityName": "environmentvariablevalues",
              "$filter": "schemaname eq '@{outputs('システムアカウントGUIDを格納する環境変数の名前')}'",
              "$top": 1
            },
            "host": {
              "apiId": "/providers/Microsoft.PowerApps/apis/shared_commondataserviceforapps",
              "operationId": "ListRecords",
              "connectionName": "shared_commondataserviceforapps"
            }
          },
          "runAfter": {
            "ユーザーレコードが存在するか": [
              "Succeeded"
            ]
          },
          "metadata": {
            "operationMetadataId": "966fffb9-4fdd-4aac-a570-141d3edc5b9b"
          }
        },
        "環境変数（システムアカウントGUID）が存在するか": {
          "type": "If",
          "description": "length(outputs('環境変数を一覧にする')?['body/value'])",
          "expression": {
            "and": [
              {
                "greater": [
                  "@length(outputs('環境変数を一覧にする')?['body/value'])",
                  0
                ]
              },
              {
                "equals": [
                  "",
                  ""
                ]
              }
            ]
          },
          "actions": {
            "環境変数（システムアカウントGUID）が設定済か": {
              "type": "If",
              "description": "first(outputs('環境変数を一覧にする')?['body/value'])?['value'] null ''",
              "expression": {
                "and": [
                  {
                    "not": {
                      "equals": [
                        "@first(outputs('環境変数を一覧にする')?['body/value'])?['value']",
                        "@null"
                      ]
                    }
                  },
                  {
                    "not": {
                      "equals": [
                        "@first(outputs('環境変数を一覧にする')?['body/value'])?['value']",
                        ""
                      ]
                    }
                  }
                ]
              },
              "actions": {
                "環境変数が存在していて設定済の場合はスキップ": {
                  "type": "Terminate",
                  "inputs": {
                    "runStatus": "Succeeded"
                  }
                }
              },
              "else": {
                "actions": {}
              },
              "metadata": {
                "operationMetadataId": "86931bfb-b2c2-4b8c-8ee5-f9a35407b940"
              }
            }
          },
          "else": {
            "actions": {}
          },
          "runAfter": {
            "環境変数を一覧にする": [
              "Succeeded"
            ]
          },
          "metadata": {
            "operationMetadataId": "86931bfb-b2c2-4b8c-8ee5-f9a35407b940"
          }
        },
        "ユーザーレコードを取得する": {
          "type": "OpenApiConnection",
          "description": "triggerOutputs()?['headers']?['x-ms-user-email']",
          "inputs": {
            "parameters": {
              "entityName": "systemusers",
              "$filter": "internalemailaddress eq '@{triggerOutputs()?['headers']?['x-ms-user-email']}'",
              "$top": 1
            },
            "host": {
              "apiId": "/providers/Microsoft.PowerApps/apis/shared_commondataserviceforapps",
              "operationId": "ListRecords",
              "connectionName": "shared_commondataserviceforapps"
            }
          },
          "runAfter": {
            "システムアカウントGUIDを格納する環境変数の名前": [
              "Succeeded"
            ]
          }
        },
        "ユーザーレコードが存在するか": {
          "type": "If",
          "description": "length(outputs('ユーザーレコードを取得する')?['body/value'])",
          "expression": {
            "and": [
              {
                "greater": [
                  "@length(outputs('ユーザーレコードを取得する')?['body/value'])",
                  0
                ]
              }
            ]
          },
          "actions": {
            "ユーザーレコードのGUID": {
              "type": "Compose",
              "description": "first(outputs('ユーザーレコードを取得する')?['body/value'])?['systemuserid']",
              "inputs": "@first(outputs('ユーザーレコードを取得する')?['body/value'])?['systemuserid']"
            }
          },
          "else": {
            "actions": {
              "終了": {
                "type": "Terminate",
                "inputs": {
                  "runStatus": "Failed"
                }
              }
            }
          },
          "runAfter": {
            "ユーザーレコードを取得する": [
              "Succeeded"
            ]
          }
        },
        "システムアカウントGUIDを格納する環境変数の名前": {
          "type": "Compose",
          "inputs": "tkd_SystemAccountGUID",
          "runAfter": {},
          "metadata": {
            "operationMetadataId": "f374e76c-95e3-4723-aa94-4c5ea5a965f2"
          }
        },
        "環境変数の値を更新する": {
          "type": "OpenApiConnection",
          "description": "first(outputs('環境変数を一覧にする')?['body/value'])?['environmentvariablevalueid']",
          "inputs": {
            "parameters": {
              "entityName": "environmentvariablevalues",
              "recordId": "@first(outputs('環境変数を一覧にする')?['body/value'])?['environmentvariablevalueid']",
              "item/value": "@outputs('ユーザーレコードのGUID')"
            },
            "host": {
              "apiId": "/providers/Microsoft.PowerApps/apis/shared_commondataserviceforapps",
              "operationId": "UpdateOnlyRecord",
              "connectionName": "shared_commondataserviceforapps"
            }
          },
          "runAfter": {
            "環境変数（システムアカウントGUID）が存在するか": [
              "SUCCEEDED"
            ]
          }
        }
      }
    },
    "templateName": null
  },
  "schemaVersion": "1.0.0.0"
}