{
  "properties": {
    "connectionReferences": {
      "shared_commondataserviceforapps": {
        "api": {
          "name": "shared_commondataserviceforapps"
        },
        "connection": {
          "connectionReferenceLogicalName": "tkd_sharedcommondataserviceforapps_d097f"
        },
        "runtimeSource": "embedded"
      }
    },
    "definition": {
      "$schema": "https://schema.management.azure.com/providers/Microsoft.Logic/schemas/2016-06-01/workflowdefinition.json#",
      "contentVersion": "1.0.0.0",
      "parameters": {
        "$authentication": {
          "defaultValue": {},
          "type": "SecureObject"
        },
        "$connections": {
          "defaultValue": {},
          "type": "Object"
        }
      },
      "triggers": {
        "manual": {
          "type": "Request",
          "kind": "Button",
          "inputs": {
            "schema": {
              "type": "object",
              "properties": {},
              "required": []
            }
          },
          "metadata": {
            "operationMetadataId": "dcff0cb5-79a5-4182-b4c3-8f5ca27708c7"
          }
        }
      },
      "actions": {
        "環境変数を一覧にする": {
          "type": "OpenApiConnection",
          "inputs": {
            "parameters": {
              "entityName": "environmentvariablevalues",
              "$filter": "schemaname eq '@{outputs('モデル駆動型の承認アプリGUIDを格納する環境変数の名前')}'",
              "$top": 1
            },
            "host": {
              "apiId": "/providers/Microsoft.PowerApps/apis/shared_commondataserviceforapps",
              "operationId": "ListRecords",
              "connectionName": "shared_commondataserviceforapps"
            }
          },
          "runAfter": {
            "モデル駆動型アプリが存在するか": [
              "Succeeded"
            ]
          },
          "metadata": {
            "operationMetadataId": "966fffb9-4fdd-4aac-a570-141d3edc5b9b"
          }
        },
        "モデル駆動型の承認アプリレコードを取得する": {
          "type": "OpenApiConnection",
          "inputs": {
            "parameters": {
              "entityName": "appmodules",
              "$filter": "uniquename eq '@{outputs('モデル駆動型の承認アプリのuniquename')}'",
              "$top": 1
            },
            "host": {
              "apiId": "/providers/Microsoft.PowerApps/apis/shared_commondataserviceforapps",
              "operationId": "ListRecords",
              "connectionName": "shared_commondataserviceforapps"
            }
          },
          "runAfter": {
            "モデル駆動型の承認アプリGUIDを格納する環境変数の名前": [
              "Succeeded"
            ]
          }
        },
        "モデル駆動型アプリが存在するか": {
          "type": "If",
          "description": "length(outputs('モデル駆動型の申請アプリレコードを取得する')?['body/value'])",
          "expression": {
            "and": [
              {
                "greater": [
                  "@length(outputs('モデル駆動型の承認アプリレコードを取得する')?['body/value'])",
                  0
                ]
              }
            ]
          },
          "actions": {
            "ログを出力する（モデル駆動型アプリが存在する）": {
              "type": "OpenApiConnection",
              "inputs": {
                "parameters": {
                  "entityName": "tkd_eventlogs",
                  "item/tkd_loglevel": 2,
                  "item/tkd_eventid": "@workflow()?['run']?['id']",
                  "item/tkd_logcomponent": "@workflow()?['tags']?['flowDisplayName']",
                  "item/tkd_userinformation": "@{base64ToString(triggerOutputs()?['headers']?['x-ms-user-name-encoded'])} @{triggerOutputs()?['headers']?['x-ms-user-email']}",
                  "item/tkd_logmessage": "モデル駆動型アプリを取得しました。",
                  "item/tkd_logcontent": "モデル駆動型アプリが存在するか",
                  "item/tkd_logresult": " @{outputs('モデル駆動型の承認アプリのGUID')}"
                },
                "host": {
                  "apiId": "/providers/Microsoft.PowerApps/apis/shared_commondataserviceforapps",
                  "operationId": "CreateRecord",
                  "connectionName": "shared_commondataserviceforapps"
                }
              },
              "runAfter": {
                "モデル駆動型の承認アプリのGUID": [
                  "SUCCEEDED"
                ]
              },
              "metadata": {
                "operationMetadataId": "7e510a6d-9f32-444d-949e-71801929bb81"
              }
            },
            "モデル駆動型の承認アプリのGUID": {
              "type": "Compose",
              "description": "first(outputs('モデル駆動型の承認アプリレコードを取得する')?['body/value'])?['appmoduleid']",
              "inputs": "@first(outputs('モデル駆動型の承認アプリレコードを取得する')?['body/value'])?['appmoduleid']"
            }
          },
          "else": {
            "actions": {
              "終了": {
                "type": "Terminate",
                "inputs": {
                  "runStatus": "Failed"
                },
                "runAfter": {
                  "ログを出力する（モデル駆動型アプリが存在しない）": [
                    "SUCCEEDED"
                  ]
                }
              },
              "ログを出力する（モデル駆動型アプリが存在しない）": {
                "type": "OpenApiConnection",
                "inputs": {
                  "parameters": {
                    "entityName": "tkd_eventlogs",
                    "item/tkd_loglevel": 2,
                    "item/tkd_eventid": "@workflow()?['run']?['id']",
                    "item/tkd_logcomponent": "@workflow()?['tags']?['flowDisplayName']",
                    "item/tkd_userinformation": "@{base64ToString(triggerOutputs()?['headers']?['x-ms-user-name-encoded'])} @{triggerOutputs()?['headers']?['x-ms-user-email']}",
                    "item/tkd_logmessage": "モデル駆動型アプリを取得できませんでした。",
                    "item/tkd_logcontent": "モデル駆動型アプリが存在するか",
                    "item/tkd_logresult": "@length(outputs('モデル駆動型の承認アプリレコードを取得する')?['body/value'])"
                  },
                  "host": {
                    "apiId": "/providers/Microsoft.PowerApps/apis/shared_commondataserviceforapps",
                    "operationId": "CreateRecord",
                    "connectionName": "shared_commondataserviceforapps"
                  }
                },
                "metadata": {
                  "operationMetadataId": "4fae6f0b-ef40-4d45-ae62-f94abde25893"
                }
              }
            }
          },
          "runAfter": {
            "モデル駆動型の承認アプリレコードを取得する": [
              "Succeeded"
            ]
          }
        },
        "モデル駆動型の承認アプリGUIDを格納する環境変数の名前": {
          "type": "Compose",
          "inputs": "tkd_ApprovalAppGUID",
          "runAfter": {
            "モデル駆動型の承認アプリのuniquename": [
              "Succeeded"
            ]
          },
          "metadata": {
            "operationMetadataId": "f374e76c-95e3-4723-aa94-4c5ea5a965f2"
          }
        },
        "モデル駆動型の承認アプリのuniquename": {
          "type": "Compose",
          "inputs": "tkd_8ce0fcb3fb86e01e",
          "runAfter": {
            "ログを出力する（フロー開始）": [
              "Succeeded"
            ]
          }
        },
        "環境変数（承認アプリGUID）が存在するか": {
          "type": "If",
          "description": "length(outputs('環境変数を一覧にする')?['body/value'])",
          "expression": {
            "and": [
              {
                "greater": [
                  "@length(outputs('環境変数を一覧にする')?['body/value'])",
                  0
                ]
              }
            ]
          },
          "actions": {
            "環境変数の値を更新する": {
              "type": "OpenApiConnection",
              "description": "first(outputs('環境変数を一覧にする')?['body/value'])?['environmentvariablevalueid']",
              "inputs": {
                "parameters": {
                  "entityName": "environmentvariablevalues",
                  "recordId": "@first(outputs('環境変数を一覧にする')?['body/value'])?['environmentvariablevalueid']",
                  "item/value": "@outputs('モデル駆動型の承認アプリのGUID')"
                },
                "host": {
                  "apiId": "/providers/Microsoft.PowerApps/apis/shared_commondataserviceforapps",
                  "operationId": "UpdateOnlyRecord",
                  "connectionName": "shared_commondataserviceforapps"
                }
              },
              "runAfter": {
                "ログを出力する（環境変数が存在する）": [
                  "SUCCEEDED"
                ]
              }
            },
            "ログを出力する（環境変数が存在する）": {
              "type": "OpenApiConnection",
              "inputs": {
                "parameters": {
                  "entityName": "tkd_eventlogs",
                  "item/tkd_loglevel": 2,
                  "item/tkd_eventid": "@workflow()?['run']?['id']",
                  "item/tkd_logcomponent": "@workflow()?['tags']?['flowDisplayName']",
                  "item/tkd_userinformation": "@{base64ToString(triggerOutputs()?['headers']?['x-ms-user-name-encoded'])} @{triggerOutputs()?['headers']?['x-ms-user-email']}",
                  "item/tkd_logmessage": "環境変数（承認アプリGUID）を取得しました。",
                  "item/tkd_logcontent": "環境変数（承認アプリGUID）が存在するか",
                  "item/tkd_logresult": "@first(outputs('環境変数を一覧にする')?['body/value'])?['value']"
                },
                "host": {
                  "apiId": "/providers/Microsoft.PowerApps/apis/shared_commondataserviceforapps",
                  "operationId": "CreateRecord",
                  "connectionName": "shared_commondataserviceforapps"
                }
              },
              "metadata": {
                "operationMetadataId": "7eb52ee0-9759-41cf-b977-e69092e0f43c"
              }
            },
            "ログを出力する（環境変数を更新）": {
              "type": "OpenApiConnection",
              "inputs": {
                "parameters": {
                  "entityName": "tkd_eventlogs",
                  "item/tkd_loglevel": 2,
                  "item/tkd_eventid": "@workflow()?['run']?['id']",
                  "item/tkd_logcomponent": "@workflow()?['tags']?['flowDisplayName']",
                  "item/tkd_userinformation": "@{base64ToString(triggerOutputs()?['headers']?['x-ms-user-name-encoded'])} @{triggerOutputs()?['headers']?['x-ms-user-email']}",
                  "item/tkd_logmessage": "環境変数（承認アプリGUID）の値を更新しました。",
                  "item/tkd_logcontent": "環境変数の値を更新する",
                  "item/tkd_logresult": "@outputs('モデル駆動型の承認アプリのGUID')"
                },
                "host": {
                  "apiId": "/providers/Microsoft.PowerApps/apis/shared_commondataserviceforapps",
                  "operationId": "CreateRecord",
                  "connectionName": "shared_commondataserviceforapps"
                }
              },
              "runAfter": {
                "環境変数の値を更新する": [
                  "SUCCEEDED"
                ]
              },
              "metadata": {
                "operationMetadataId": "0fe188d0-d2f2-431f-a7e9-862957d5944a"
              }
            }
          },
          "else": {
            "actions": {
              "環境変数定義を一覧にする": {
                "type": "OpenApiConnection",
                "inputs": {
                  "parameters": {
                    "entityName": "environmentvariabledefinitions",
                    "$filter": "schemaname eq '@{outputs('モデル駆動型の承認アプリGUIDを格納する環境変数の名前')}'",
                    "$top": 1
                  },
                  "host": {
                    "apiId": "/providers/Microsoft.PowerApps/apis/shared_commondataserviceforapps",
                    "operationId": "ListRecords",
                    "connectionName": "shared_commondataserviceforapps"
                  }
                },
                "metadata": {
                  "operationMetadataId": "d0db0f1b-ae2c-4f1d-942c-baeeee00d963"
                }
              },
              "環境変数の定義（承認アプリGUID）が存在するか": {
                "type": "If",
                "description": "length(outputs('環境変数定義を一覧にする')?['body/value'])",
                "expression": {
                  "and": [
                    {
                      "greater": [
                        "@length(outputs('環境変数定義を一覧にする')?['body/value'])",
                        0
                      ]
                    }
                  ]
                },
                "actions": {
                  "環境変数の定義": {
                    "type": "Compose",
                    "description": "first(outputs('環境変数定義を一覧にする')?['body/value'])?['environmentvariabledefinitionid']",
                    "inputs": "environmentvariabledefinitions(@{first(outputs('環境変数定義を一覧にする')?['body/value'])?['environmentvariabledefinitionid']})",
                    "metadata": {
                      "operationMetadataId": "f565b89c-6d2d-46c6-a7aa-1a1f441a3d4a"
                    }
                  },
                  "環境変数の値を追加する": {
                    "type": "OpenApiConnection",
                    "description": "outputs('モデル駆動型の承認アプリGUIDを格納する環境変数の名前') outputs('環境変数の定義') outputs('モデル駆動型の承認アプリのGUID')",
                    "inputs": {
                      "parameters": {
                        "entityName": "environmentvariablevalues",
                        "item/schemaname": "@outputs('モデル駆動型の承認アプリGUIDを格納する環境変数の名前')",
                        "item/EnvironmentVariableDefinitionId@odata.bind": "@outputs('環境変数の定義')",
                        "item/statuscode": 1,
                        "item/value": "@outputs('モデル駆動型の承認アプリのGUID')"
                      },
                      "host": {
                        "apiId": "/providers/Microsoft.PowerApps/apis/shared_commondataserviceforapps",
                        "operationId": "CreateRecord",
                        "connectionName": "shared_commondataserviceforapps"
                      }
                    },
                    "runAfter": {
                      "環境変数の定義": [
                        "Succeeded"
                      ]
                    },
                    "metadata": {
                      "operationMetadataId": "0b71e066-8d1e-410a-b5ce-32ba92ace1d3"
                    }
                  }
                },
                "else": {
                  "actions": {}
                },
                "runAfter": {
                  "環境変数定義を一覧にする": [
                    "Succeeded"
                  ]
                },
                "metadata": {
                  "operationMetadataId": "15fae602-e924-45cd-872b-c5f21952b20a"
                }
              }
            }
          },
          "runAfter": {
            "環境変数を一覧にする": [
              "Succeeded"
            ]
          },
          "metadata": {
            "operationMetadataId": "86931bfb-b2c2-4b8c-8ee5-f9a35407b940"
          }
        },
        "ログを出力する（フロー開始）": {
          "type": "OpenApiConnection",
          "inputs": {
            "parameters": {
              "entityName": "tkd_eventlogs",
              "item/tkd_loglevel": 2,
              "item/tkd_eventid": "@workflow()?['run']?['id']",
              "item/tkd_logcomponent": "@workflow()?['tags']?['flowDisplayName']",
              "item/tkd_userinformation": "@{base64ToString(triggerOutputs()?['headers']?['x-ms-user-name-encoded'])} @{triggerOutputs()?['headers']?['x-ms-user-email']}",
              "item/tkd_logmessage": "フロー「@{workflow()?['tags']?['flowDisplayName']}」を開始しました。",
              "item/tkd_logcontent": "フローを手動でトリガーする",
              "item/tkd_logresult": "@workflow()"
            },
            "host": {
              "apiId": "/providers/Microsoft.PowerApps/apis/shared_commondataserviceforapps",
              "operationId": "CreateRecord",
              "connectionName": "shared_commondataserviceforapps"
            }
          },
          "runAfter": {}
        }
      }
    },
    "templateName": null
  },
  "schemaVersion": "1.0.0.0"
}