{
  "properties": {
    "connectionReferences": {
      "shared_commondataserviceforapps": {
        "runtimeSource": "embedded",
        "connection": {
          "connectionReferenceLogicalName": "tkd_sharedcommondataserviceforapps_d097f"
        },
        "api": {
          "name": "shared_commondataserviceforapps"
        }
      }
    },
    "definition": {
      "$schema": "https://schema.management.azure.com/providers/Microsoft.Logic/schemas/2016-06-01/workflowdefinition.json#",
      "contentVersion": "1.0.0.0",
      "parameters": {
        "$connections": {
          "defaultValue": {},
          "type": "Object"
        },
        "$authentication": {
          "defaultValue": {},
          "type": "SecureObject"
        }
      },
      "triggers": {
        "manual": {
          "metadata": {
            "operationMetadataId": "dcff0cb5-79a5-4182-b4c3-8f5ca27708c7"
          },
          "type": "Request",
          "kind": "Button",
          "inputs": {
            "schema": {
              "type": "object",
              "properties": {},
              "required": []
            }
          }
        }
      },
      "actions": {
        "環境変数を一覧にする": {
          "runAfter": {
            "環境URL": [
              "Succeeded"
            ]
          },
          "metadata": {
            "operationMetadataId": "966fffb9-4fdd-4aac-a570-141d3edc5b9b"
          },
          "type": "OpenApiConnection",
          "inputs": {
            "host": {
              "connectionName": "shared_commondataserviceforapps",
              "operationId": "ListRecords",
              "apiId": "/providers/Microsoft.PowerApps/apis/shared_commondataserviceforapps"
            },
            "parameters": {
              "entityName": "environmentvariablevalues",
              "$filter": "schemaname eq '@{outputs('環境URLを格納する環境変数の名前')}'",
              "$top": 1
            },
            "authentication": {
              "type": "Raw",
              "value": "@json(decodeBase64(triggerOutputs().headers['X-MS-APIM-Tokens']))['$ConnectionKey']"
            }
          }
        },
        "環境変数（環境URL）が存在するか": {
          "actions": {
            "環境変数（環境URL）が設定済か": {
              "actions": {
                "環境変数が存在していて設定済の場合はスキップ": {
                  "runAfter": {},
                  "metadata": {
                    "operationMetadataId": "bab0a6b1-c292-43b9-b4a8-4e4b87b35ea7"
                  },
                  "type": "Terminate",
                  "inputs": {
                    "runStatus": "Succeeded"
                  }
                }
              },
              "runAfter": {},
              "else": {
                "actions": {
                  "環境変数の値を更新する": {
                    "runAfter": {},
                    "metadata": {
                      "operationMetadataId": "65dd8e20-9d9c-4f80-ad29-c388d2348c51"
                    },
                    "type": "OpenApiConnection",
                    "inputs": {
                      "host": {
                        "connectionName": "shared_commondataserviceforapps",
                        "operationId": "UpdateOnlyRecord",
                        "apiId": "/providers/Microsoft.PowerApps/apis/shared_commondataserviceforapps"
                      },
                      "parameters": {
                        "entityName": "environmentvariablevalues",
                        "recordId": "@first(outputs('環境変数を一覧にする')?['body/value'])?['environmentvariablevalueid']",
                        "item/value": "@outputs('環境URL')"
                      },
                      "authentication": {
                        "type": "Raw",
                        "value": "@json(decodeBase64(triggerOutputs().headers['X-MS-APIM-Tokens']))['$ConnectionKey']"
                      }
                    },
                    "description": "first(outputs('環境変数を一覧にする')?['body/value'])?['environmentvariablevalueid']"
                  }
                }
              },
              "expression": {
                "and": [
                  {
                    "not": {
                      "equals": [
                        "@first(outputs('環境変数を一覧にする')?['body/value'])?['value']",
                        "@null"
                      ]
                    }
                  },
                  {
                    "not": {
                      "equals": [
                        "@first(outputs('環境変数を一覧にする')?['body/value'])?['value']",
                        ""
                      ]
                    }
                  }
                ]
              },
              "metadata": {
                "operationMetadataId": "86931bfb-b2c2-4b8c-8ee5-f9a35407b940"
              },
              "type": "If",
              "description": "first(outputs('環境変数を一覧にする')?['body/value'])?['value'] null ''"
            }
          },
          "runAfter": {
            "環境変数を一覧にする": [
              "Succeeded"
            ]
          },
          "else": {
            "actions": {
              "環境変数定義を一覧にする": {
                "runAfter": {},
                "metadata": {
                  "operationMetadataId": "d0db0f1b-ae2c-4f1d-942c-baeeee00d963"
                },
                "type": "OpenApiConnection",
                "inputs": {
                  "host": {
                    "connectionName": "shared_commondataserviceforapps",
                    "operationId": "ListRecords",
                    "apiId": "/providers/Microsoft.PowerApps/apis/shared_commondataserviceforapps"
                  },
                  "parameters": {
                    "entityName": "environmentvariabledefinitions",
                    "$filter": "schemaname eq '@{outputs('環境URLを格納する環境変数の名前')}'",
                    "$top": 1
                  },
                  "authentication": {
                    "type": "Raw",
                    "value": "@json(decodeBase64(triggerOutputs().headers['X-MS-APIM-Tokens']))['$ConnectionKey']"
                  }
                }
              },
              "環境変数の定義（環境URL）が存在するか": {
                "actions": {
                  "環境変数の定義": {
                    "runAfter": {},
                    "metadata": {
                      "operationMetadataId": "f565b89c-6d2d-46c6-a7aa-1a1f441a3d4a"
                    },
                    "type": "Compose",
                    "inputs": "environmentvariabledefinitions(@{first(outputs('環境変数定義を一覧にする')?['body/value'])?['environmentvariabledefinitionid']})",
                    "description": "first(outputs('環境変数定義を一覧にする')?['body/value'])?['environmentvariabledefinitionid']"
                  },
                  "環境変数の値を追加する": {
                    "runAfter": {
                      "環境変数の定義": [
                        "Succeeded"
                      ]
                    },
                    "metadata": {
                      "operationMetadataId": "0b71e066-8d1e-410a-b5ce-32ba92ace1d3"
                    },
                    "type": "OpenApiConnection",
                    "inputs": {
                      "host": {
                        "connectionName": "shared_commondataserviceforapps",
                        "operationId": "CreateRecord",
                        "apiId": "/providers/Microsoft.PowerApps/apis/shared_commondataserviceforapps"
                      },
                      "parameters": {
                        "entityName": "environmentvariablevalues",
                        "item/schemaname": "@outputs('環境URLを格納する環境変数の名前')",
                        "item/EnvironmentVariableDefinitionId@odata.bind": "@outputs('環境変数の定義')",
                        "item/statuscode": 1,
                        "item/value": "@outputs('環境URL')"
                      },
                      "authentication": {
                        "type": "Raw",
                        "value": "@json(decodeBase64(triggerOutputs().headers['X-MS-APIM-Tokens']))['$ConnectionKey']"
                      }
                    },
                    "description": "first(outputs('環境変数定義を一覧にする')?['body/value'])?['environmentvariabledefinitionid']"
                  }
                },
                "runAfter": {
                  "環境変数定義を一覧にする": [
                    "Succeeded"
                  ]
                },
                "expression": {
                  "and": [
                    {
                      "greater": [
                        "@length(outputs('環境変数定義を一覧にする')?['body/value'])",
                        0
                      ]
                    }
                  ]
                },
                "metadata": {
                  "operationMetadataId": "15fae602-e924-45cd-872b-c5f21952b20a"
                },
                "type": "If",
                "description": "length(outputs('環境変数定義を一覧にする')?['body/value'])"
              }
            }
          },
          "expression": {
            "and": [
              {
                "greater": [
                  "@length(outputs('環境変数を一覧にする')?['body/value'])",
                  0
                ]
              }
            ]
          },
          "metadata": {
            "operationMetadataId": "86931bfb-b2c2-4b8c-8ee5-f9a35407b940"
          },
          "type": "If",
          "description": "length(outputs('環境変数を一覧にする')?['body/value'])"
        },
        "ユーザーレコードを取得する": {
          "runAfter": {
            "環境URLを格納する環境変数の名前": [
              "Succeeded"
            ]
          },
          "metadata": {
            "operationMetadataId": "d34ae215-4e8e-45ef-9485-9e8559dff252"
          },
          "type": "OpenApiConnection",
          "inputs": {
            "host": {
              "connectionName": "shared_commondataserviceforapps",
              "operationId": "ListRecords",
              "apiId": "/providers/Microsoft.PowerApps/apis/shared_commondataserviceforapps"
            },
            "parameters": {
              "entityName": "systemusers",
              "$top": 1
            },
            "authentication": {
              "type": "Raw",
              "value": "@json(decodeBase64(triggerOutputs().headers['X-MS-APIM-Tokens']))['$ConnectionKey']"
            }
          }
        },
        "環境URLを格納する環境変数の名前": {
          "runAfter": {},
          "metadata": {
            "operationMetadataId": "f374e76c-95e3-4723-aa94-4c5ea5a965f2"
          },
          "type": "Compose",
          "inputs": "tkd_EnvironmentURL"
        },
        "環境URL": {
          "runAfter": {
            "ユーザーレコードを取得する": [
              "Succeeded"
            ]
          },
          "metadata": {
            "operationMetadataId": "d1b34e2a-96ed-4b53-b30d-65fd9aa0a683"
          },
          "type": "Compose",
          "inputs": "https://@{uriHost(first(outputs('ユーザーレコードを取得する')?['body/value'])?['@odata.id'])}",
          "description": "uriHost(first(outputs('ユーザーレコードを取得する')?['body/value'])?['@odata.id'])"
        }
      }
    },
    "templateName": ""
  },
  "schemaVersion": "1.0.0.0"
}